item_id,timestamp,target_value,backtestwindow_start_time,backtestwindow_end_time,p33,p50,p90,mean,p75
1,2021-11-26T19:15:00Z,273.415,2021-11-26T19:15:00,2021-12-02T00:00:00,295.27148313160615,310.469741759234,368.72294437676663,313.19816059739776,334.7125749930357
1,2021-11-26T19:30:00Z,309.258,2021-11-26T19:15:00,2021-12-02T00:00:00,323.7027031485309,340.2982810605759,399.9735582938551,341.005907007754,367.8553282196073
1,2021-11-26T19:45:00Z,321.346,2021-11-26T19:15:00,2021-12-02T00:00:00,331.1268427402776,346.72383747767327,415.3745769741537,349.96205867362585,370.5502407240002
1,2021-11-26T20:00:00Z,339.506,2021-11-26T19:15:00,2021-12-02T00:00:00,326.6046431738347,344.28858218888536,415.5612810568051,347.9407015785123,370.8000439667335
1,2021-11-26T20:15:00Z,291.45,2021-11-26T19:15:00,2021-12-02T00:00:00,299.62691219705147,319.8747707684437,391.52702190061217,324.08007312664733,353.95056807683375
1,2021-11-26T20:30:00Z,345.364,2021-11-26T19:15:00,2021-12-02T00:00:00,329.83706802589796,347.39375099545924,419.64478092256303,353.4566379924846,378.81186969140344
1,2021-11-26T20:45:00Z,344.639,2021-11-26T19:15:00,2021-12-02T00:00:00,339.23970085755906,357.1018222346155,434.47219805967734,361.70645214343824,388.25714375661477
1,2021-11-26T21:00:00Z,339.921,2021-11-26T19:15:00,2021-12-02T00:00:00,326.0199311390553,345.1131942287773,416.61491902743984,348.340158844428,380.3970791945783
1,2021-11-26T21:15:00Z,337.629,2021-11-26T19:15:00,2021-12-02T00:00:00,311.32418087943944,330.72996948237966,410.7267869934597,335.2433746372467,362.54627704158145
1,2021-11-26T21:30:00Z,391.923,2021-11-26T19:15:00,2021-12-02T00:00:00,337.3524089163434,355.819905450061,424.2462202846956,359.75509703477474,386.20949583384504
1,2021-11-26T21:45:00Z,384.212,2021-11-26T19:15:00,2021-12-02T00:00:00,345.58847935078495,360.88079443299364,440.68760410882504,366.8836396932153,391.84169118763583
1,2021-11-26T22:00:00Z,441.917,2021-11-26T19:15:00,2021-12-02T00:00:00,343.50452144563644,362.69683286270345,439.2111884532459,370.0217371490629,402.20568914761265
1,2021-11-26T22:15:00Z,440.938,2021-11-26T19:15:00,2021-12-02T00:00:00,321.5581119920923,341.05474364760414,412.6695942680938,345.08631458599496,371.269505774955
1,2021-11-26T22:30:00Z,427.448,2021-11-26T19:15:00,2021-12-02T00:00:00,346.23716249532237,368.2437060036122,459.3782831054162,374.9051885205423,417.8141711689849
1,2021-11-26T22:45:00Z,437.663,2021-11-26T19:15:00,2021-12-02T00:00:00,356.360606399853,375.57268196610624,465.09930719442866,383.5698947455142,415.30296750779473
1,2021-11-26T23:00:00Z,487.615,2021-11-26T19:15:00,2021-12-02T00:00:00,351.17969744512357,370.94203162462287,461.8671935648096,377.19653889787986,408.67438587903337
1,2021-11-26T23:15:00Z,451.143,2021-11-26T19:15:00,2021-12-02T00:00:00,334.24562237664776,353.34077580473206,436.8138445778976,357.58086332556434,391.82427678190334
1,2021-11-26T23:30:00Z,468.346,2021-11-26T19:15:00,2021-12-02T00:00:00,360.5092837384899,381.13760314977117,467.4456605099261,385.4340328259274,421.6187695403881
1,2021-11-26T23:45:00Z,475.814,2021-11-26T19:15:00,2021-12-02T00:00:00,370.26519036015435,393.89675096513946,481.3160444814719,396.27467591122627,431.887336679258
1,2021-11-27T00:00:00Z,479.648,2021-11-26T19:15:00,2021-12-02T00:00:00,374.9888259276171,402.66387554748553,496.53749554034556,404.27585520734186,446.445498599448
1,2021-11-27T00:15:00Z,420.525,2021-11-26T19:15:00,2021-12-02T00:00:00,365.75650187646596,393.3214000908619,486.64434173347,399.0964518479783,436.31797434897464
1,2021-11-27T00:30:00Z,456.197,2021-11-26T19:15:00,2021-12-02T00:00:00,411.4959805210645,442.5178388680232,539.7746020568683,446.47837028198853,493.7293565985071
1,2021-11-27T00:45:00Z,472.658,2021-11-26T19:15:00,2021-12-02T00:00:00,412.8938749769055,441.88319648766156,540.6517585496374,444.894411642018,480.3387666380264
1,2021-11-27T01:00:00Z,477.521,2021-11-26T19:15:00,2021-12-02T00:00:00,411.87383668691655,441.31237991808246,538.7820308275687,445.0230204985843,484.8165893483418
1,2021-11-27T01:15:00Z,347.605,2021-11-26T19:15:00,2021-12-02T00:00:00,393.2376698029353,422.99609844977397,513.1135993159926,423.2428607414181,462.991850414086
1,2021-11-27T01:30:00Z,431.76,2021-11-26T19:15:00,2021-12-02T00:00:00,405.45163228154047,435.52303458939434,528.3205802647086,437.3875322158091,483.9306255864457
1,2021-11-27T01:45:00Z,468.161,2021-11-26T19:15:00,2021-12-02T00:00:00,409.7570192950649,437.1688006355345,534.9807655293948,441.0838227033868,477.3920072415475
1,2021-11-27T02:00:00Z,485.312,2021-11-26T19:15:00,2021-12-02T00:00:00,391.9764211835178,419.1389870979343,508.9364497461528,422.1007045607583,464.02309516192133
1,2021-11-27T02:15:00Z,434.823,2021-11-26T19:15:00,2021-12-02T00:00:00,369.70530297850985,396.31294137890745,481.75804138277033,399.48545445131293,438.6021203656966
1,2021-11-27T02:30:00Z,471.145,2021-11-26T19:15:00,2021-12-02T00:00:00,386.2880985494106,415.1535419420572,524.5508641039904,420.10549223926034,463.8972407727753
1,2021-11-27T02:45:00Z,468.252,2021-11-26T19:15:00,2021-12-02T00:00:00,397.7538714458908,421.61667513281446,509.7929288637255,423.9312908664632,462.38298934021896
1,2021-11-27T03:00:00Z,467.368,2021-11-26T19:15:00,2021-12-02T00:00:00,394.32429533232863,419.4747203896757,508.6586254327358,423.409835771351,462.3000797047478
1,2021-11-27T03:15:00Z,391.774,2021-11-26T19:15:00,2021-12-02T00:00:00,386.02553280950315,410.97742770956154,495.90557171799327,415.22811974121004,455.8979856693927
1,2021-11-27T03:30:00Z,429.689,2021-11-26T19:15:00,2021-12-02T00:00:00,401.09645808250633,424.2374011017631,508.65438914170574,428.5407453810818,468.68768324879136
1,2021-11-27T03:45:00Z,489.792,2021-11-26T19:15:00,2021-12-02T00:00:00,400.2202982391987,424.58706652586517,508.81461172094475,429.09129594641774,461.61291767407874
1,2021-11-27T04:00:00Z,492.862,2021-11-26T19:15:00,2021-12-02T00:00:00,391.06770632821485,419.03508522846596,504.19030129908725,424.31510365071716,459.7845300123746
1,2021-11-27T04:15:00Z,469.721,2021-11-26T19:15:00,2021-12-02T00:00:00,368.38041220691514,394.84123164087976,480.11391591563205,399.06891135586386,430.6271178372059
1,2021-11-27T04:30:00Z,509.754,2021-11-26T19:15:00,2021-12-02T00:00:00,392.2311016585406,420.49203352750936,507.8117047815409,425.0782277511321,454.0609398659961
1,2021-11-27T04:45:00Z,505.608,2021-11-26T19:15:00,2021-12-02T00:00:00,397.64282907645975,423.6387058150599,509.1609839702649,429.6257897428034,460.08798032684945
1,2021-11-27T05:00:00Z,535.256,2021-11-26T19:15:00,2021-12-02T00:00:00,389.9296066559013,417.0567482667827,496.7081378610531,420.7585997774593,454.4456709955772
1,2021-11-27T05:15:00Z,453.38,2021-11-26T19:15:00,2021-12-02T00:00:00,361.2754586836909,388.1958553839494,471.17481863453276,392.0825728423878,423.99835658075165
1,2021-11-27T05:30:00Z,502.899,2021-11-26T19:15:00,2021-12-02T00:00:00,378.70098564049505,404.4425123294369,487.761075676556,407.6043409282935,441.24898590134796
1,2021-11-27T05:45:00Z,532.684,2021-11-26T19:15:00,2021-12-02T00:00:00,376.1090206830379,399.06234784504903,486.2066786351228,405.5489027755396,442.22282494038035
1,2021-11-27T06:00:00Z,528.955,2021-11-26T19:15:00,2021-12-02T00:00:00,371.58727767384164,391.5323603677281,480.9109583915764,399.98383343574875,430.0258106207536
1,2021-11-27T06:15:00Z,377.383,2021-11-26T19:15:00,2021-12-02T00:00:00,341.0041382062969,360.3601487080986,436.93035986116956,364.6643469583379,394.7765357761683
1,2021-11-27T06:30:00Z,393.187,2021-11-26T19:15:00,2021-12-02T00:00:00,358.5701644536322,379.60070115098875,458.1189526964048,382.3788949841402,409.41441336861664
1,2021-11-27T06:45:00Z,397.882,2021-11-26T19:15:00,2021-12-02T00:00:00,360.2488344922375,379.8508993264054,453.6644328346409,383.2533864249631,412.19432326158693
1,2021-11-27T07:00:00Z,408.409,2021-11-26T19:15:00,2021-12-02T00:00:00,352.4468819262809,376.8214233003611,459.891661671578,382.0347594377493,414.57471814217126
1,2021-11-27T07:15:00Z,345.253,2021-11-26T19:15:00,2021-12-02T00:00:00,359.90171678429414,381.03088601723596,462.56929981555083,382.21870455059434,424.10828110949814
1,2021-11-27T07:30:00Z,368.154,2021-11-26T19:15:00,2021-12-02T00:00:00,356.82229012336984,377.2007703176922,453.09742145638745,380.2055212998446,407.44303251912066
1,2021-11-27T07:45:00Z,400.443,2021-11-26T19:15:00,2021-12-02T00:00:00,352.2010030884818,375.03793450662687,461.867091105605,378.5850616239892,407.28974664511475
1,2021-11-27T08:00:00Z,395.842,2021-11-26T19:15:00,2021-12-02T00:00:00,345.81319088334453,368.206549014203,443.4123103206806,369.70779061917995,398.878341226845
1,2021-11-27T08:15:00Z,328.3,2021-11-26T19:15:00,2021-12-02T00:00:00,322.86134352977774,345.1561956514863,417.64896285235534,348.4041644224111,378.4385029262589
1,2021-11-27T08:30:00Z,367.984,2021-11-26T19:15:00,2021-12-02T00:00:00,345.3736462928582,367.60261023086525,445.73239496840796,371.3769646683692,399.2193406315134
1,2021-11-27T08:45:00Z,376.021,2021-11-26T19:15:00,2021-12-02T00:00:00,348.3227258718638,368.7447170756746,461.0682947932104,374.69122312308525,403.1646279760075
1,2021-11-27T09:00:00Z,367.058,2021-11-26T19:15:00,2021-12-02T00:00:00,342.6887915008622,366.2593771711383,441.0421670157526,370.0715450546815,403.7950496852659
1,2021-11-27T09:15:00Z,312.822,2021-11-26T19:15:00,2021-12-02T00:00:00,318.29600855418926,338.21396983526245,420.322748982377,344.7192281374044,378.6257709973859
1,2021-11-27T09:30:00Z,325.807,2021-11-26T19:15:00,2021-12-02T00:00:00,339.9836188149109,360.0404428196116,433.44586445880924,363.0734493780308,391.57433901218553
1,2021-11-27T09:45:00Z,299.334,2021-11-26T19:15:00,2021-12-02T00:00:00,327.904539456894,345.6946474125557,428.1344971931476,351.2989342539044,379.31330299881364
1,2021-11-27T10:00:00Z,316.875,2021-11-26T19:15:00,2021-12-02T00:00:00,321.09631649483975,337.44102713400446,408.2916874170478,341.9091253537142,369.5048164966912
1,2021-11-27T10:15:00Z,264.834,2021-11-26T19:15:00,2021-12-02T00:00:00,292.0174114990269,314.7411011923309,384.9907197339893,316.4463158798434,345.2998065088026
1,2021-11-27T10:30:00Z,278.045,2021-11-26T19:15:00,2021-12-02T00:00:00,307.5444017522865,327.7698339148502,401.91623984869784,331.81689407549567,357.4157063733648
1,2021-11-27T10:45:00Z,274.516,2021-11-26T19:15:00,2021-12-02T00:00:00,311.6775940919457,327.945192589896,405.11821397526984,332.6708917315839,364.1332861646964
1,2021-11-27T11:00:00Z,277.777,2021-11-26T19:15:00,2021-12-02T00:00:00,303.08148141765844,322.319825319042,394.92056965378913,325.82785346890455,358.6421504446664
1,2021-11-27T11:15:00Z,228.997,2021-11-26T19:15:00,2021-12-02T00:00:00,286.6815995792421,309.81790736118137,385.1506196357561,311.9617555528394,344.1235379009857
1,2021-11-27T11:30:00Z,263.806,2021-11-26T19:15:00,2021-12-02T00:00:00,305.9680814697779,327.5535199396457,400.24233763411837,329.4938963330049,356.1105878465321
1,2021-11-27T11:45:00Z,266.207,2021-11-26T19:15:00,2021-12-02T00:00:00,311.88616021938805,332.44870663323553,408.5689041137301,336.7897090705893,366.7616891993053
1,2021-11-27T12:00:00Z,300.545,2021-11-26T19:15:00,2021-12-02T00:00:00,311.8560942958549,335.2903284112313,415.5518325556651,341.2456725358953,381.76917292828455
1,2021-11-27T12:15:00Z,259.758,2021-11-26T19:15:00,2021-12-02T00:00:00,288.7228383152065,308.1981669428325,384.4242111571069,311.5912522229744,338.3653194127445
1,2021-11-27T12:30:00Z,291.66,2021-11-26T19:15:00,2021-12-02T00:00:00,315.7445557212729,340.38308636346187,418.34895867778806,342.7679157709741,371.49671176330156
1,2021-11-27T12:45:00Z,288.952,2021-11-26T19:15:00,2021-12-02T00:00:00,324.5116394815982,344.8885190535303,422.3392436573164,350.4643170014144,378.94819679288014
1,2021-11-27T13:00:00Z,279.411,2021-11-26T19:15:00,2021-12-02T00:00:00,314.9950780324918,337.24646822756876,414.4193867969557,339.74818255054953,364.90180814046647
1,2021-11-27T13:15:00Z,329.406,2021-11-26T19:15:00,2021-12-02T00:00:00,292.7234104896068,315.02937943287066,388.61773459266755,316.0692492328765,345.0493018700724
1,2021-11-27T13:30:00Z,342.62,2021-11-26T19:15:00,2021-12-02T00:00:00,310.4933701766645,332.224588161502,402.83517360224107,333.93758921657843,361.464529143254
1,2021-11-27T13:45:00Z,367.938,2021-11-26T19:15:00,2021-12-02T00:00:00,314.15452695149907,337.11389319172133,414.72209447670247,342.54095204815064,372.65766755699417
1,2021-11-27T14:00:00Z,381.389,2021-11-26T19:15:00,2021-12-02T00:00:00,314.03671862738736,335.2038971156841,408.0801471426368,336.06514506334094,365.39970904131417
1,2021-11-27T14:15:00Z,304.178,2021-11-26T19:15:00,2021-12-02T00:00:00,285.4449639803046,307.1898857300731,379.21865821041445,309.4693238970087,340.3275267697642
1,2021-11-27T14:30:00Z,345.337,2021-11-26T19:15:00,2021-12-02T00:00:00,314.3644590758566,337.4999291492667,418.0354650012283,341.49785885970874,367.1061825140508
1,2021-11-27T14:45:00Z,344.267,2021-11-26T19:15:00,2021-12-02T00:00:00,315.04354134524345,337.11978454859354,416.34940644045554,341.9247554758478,367.65956731004485
1,2021-11-27T15:00:00Z,379.115,2021-11-26T19:15:00,2021-12-02T00:00:00,323.2156535959115,349.34298002940966,427.3068962191378,351.8604981825114,382.8807977962228
1,2021-11-27T15:15:00Z,327.13,2021-11-26T19:15:00,2021-12-02T00:00:00,301.4760998154225,325.71523582409816,402.5499135325788,331.2625959426527,360.123168550543
1,2021-11-27T15:30:00Z,343.385,2021-11-26T19:15:00,2021-12-02T00:00:00,325.0802815192637,349.42694371219767,426.23892834451334,353.7344938667323,382.90074248355484
1,2021-11-27T15:45:00Z,357.477,2021-11-26T19:15:00,2021-12-02T00:00:00,326.5553283899902,352.0523386280212,431.21043438380684,358.4519497642424,394.8301849018914
1,2021-11-27T16:00:00Z,360.717,2021-11-26T19:15:00,2021-12-02T00:00:00,318.7747303797231,342.26804866109376,423.01051840964755,345.12047115165313,380.3711819570327
1,2021-11-27T16:15:00Z,318.856,2021-11-26T19:15:00,2021-12-02T00:00:00,298.901898826094,319.5643509872938,394.7391015326435,324.0493559546218,352.49801501831763
1,2021-11-27T16:30:00Z,333.367,2021-11-26T19:15:00,2021-12-02T00:00:00,312.94251288447515,335.67630154212736,409.23935680051767,337.1202655918469,369.5080642027326
1,2021-11-27T16:45:00Z,345.755,2021-11-26T19:15:00,2021-12-02T00:00:00,316.9945632102659,337.77351606944796,415.1362883345481,341.37649173037437,371.7904245257009
1,2021-11-27T17:00:00Z,344.994,2021-11-26T19:15:00,2021-12-02T00:00:00,311.5495448644298,333.60135826827053,411.3033052698282,338.9485276847916,380.73167899530364
1,2021-11-27T17:15:00Z,250.176,2021-11-26T19:15:00,2021-12-02T00:00:00,277.98401922027614,299.0806144306772,378.304119656167,304.3111919029785,327.49301615057
1,2021-11-27T17:30:00Z,310.659,2021-11-26T19:15:00,2021-12-02T00:00:00,306.39282857015405,324.8895435540165,394.4452885125426,329.0975948854192,353.7625615451748
1,2021-11-27T17:45:00Z,354.485,2021-11-26T19:15:00,2021-12-02T00:00:00,318.62363248943836,338.53839214290605,408.8743634496713,339.94271213406626,366.63725321312097
1,2021-11-27T18:00:00Z,367.309,2021-11-26T19:15:00,2021-12-02T00:00:00,310.2064981715057,329.7519883462924,410.41274648396177,334.75957760556093,363.30751190751675
1,2021-11-27T18:15:00Z,301.052,2021-11-26T19:15:00,2021-12-02T00:00:00,291.40425090541095,311.4749196187414,384.63374435282446,313.6290369187329,340.05554777544035
1,2021-11-27T18:30:00Z,319.743,2021-11-26T19:15:00,2021-12-02T00:00:00,309.83048041702284,328.1942082309009,400.0441124072631,331.1166089377249,360.45204750913103
1,2021-11-27T18:45:00Z,348.905,2021-11-26T19:15:00,2021-12-02T00:00:00,312.3896044173956,332.0067480371196,400.29213456117157,333.56174854878316,362.08441556861317
1,2021-11-27T19:00:00Z,335.088,2021-11-26T19:15:00,2021-12-02T00:00:00,306.603122676199,330.81303259053317,415.9568486593036,333.720822555154,368.12806964385703
1,2021-11-27T19:15:00Z,279.258,2021-11-26T19:15:00,2021-12-02T00:00:00,283.68971567361365,304.2759700756016,372.77121220418604,305.1946226611068,336.242231812411
1,2021-11-27T19:30:00Z,312.589,2021-11-26T19:15:00,2021-12-02T00:00:00,311.0386702040996,330.17684102174246,393.04523252616247,330.66764389798993,355.48991807807494
1,2021-11-27T19:45:00Z,329.105,2021-11-26T19:15:00,2021-12-02T00:00:00,315.3570391741367,336.4678843075608,410.51993532729193,338.0607194308051,364.74673272643923
1,2021-11-27T20:00:00Z,333.23,2021-11-26T19:15:00,2021-12-02T00:00:00,310.3949544236026,331.42422486164077,405.05296564481796,333.95414759835325,365.44881018307456
1,2021-11-27T20:15:00Z,274.713,2021-11-26T19:15:00,2021-12-02T00:00:00,291.2181391574745,312.0618587149196,382.5035424041989,316.30179383801527,344.2686921873946
1,2021-11-27T20:30:00Z,328.228,2021-11-26T19:15:00,2021-12-02T00:00:00,349.2295189210821,365.0524085638558,447.6517212585162,369.9543531788775,411.4579950799372
1,2021-11-27T20:45:00Z,339.32,2021-11-26T19:15:00,2021-12-02T00:00:00,322.93771166254027,346.1501856488834,431.76211117394996,349.7718888388155,373.1482233656122
1,2021-11-27T21:00:00Z,332.975,2021-11-26T19:15:00,2021-12-02T00:00:00,316.67439527210024,341.4121418718763,421.7073661614542,346.1415632718991,375.2308684091478
1,2021-11-27T21:15:00Z,280.23,2021-11-26T19:15:00,2021-12-02T00:00:00,291.078154553698,315.11411266512835,393.8379567338781,319.4760913835712,348.3647777060691
1,2021-11-27T21:30:00Z,354.898,2021-11-26T19:15:00,2021-12-02T00:00:00,311.8219428646146,333.2238413577324,408.1955284285988,338.45009812896717,365.4752490609585
1,2021-11-27T21:45:00Z,348.605,2021-11-26T19:15:00,2021-12-02T00:00:00,322.7549149444659,346.7139217811049,417.28338370797064,349.0747306404552,377.9744078237448
1,2021-11-27T22:00:00Z,376.844,2021-11-26T19:15:00,2021-12-02T00:00:00,327.46527191019,353.2751554176118,431.50027250034583,355.0774020626653,389.73519592664906
1,2021-11-27T22:15:00Z,325.657,2021-11-26T19:15:00,2021-12-02T00:00:00,300.32201156612393,322.6203066161992,400.6480778246585,327.16158573559926,359.59711703387865
1,2021-11-27T22:30:00Z,363.51,2021-11-26T19:15:00,2021-12-02T00:00:00,324.4199412914365,346.9379005379109,427.82139171315794,350.9010415707624,389.1846641011822
1,2021-11-27T22:45:00Z,381.499,2021-11-26T19:15:00,2021-12-02T00:00:00,333.25848119314014,357.4620243129271,440.0084095335601,359.69336913300987,392.45347597454804
1,2021-11-27T23:00:00Z,382.708,2021-11-26T19:15:00,2021-12-02T00:00:00,331.56207506407185,353.01618101278365,445.44123226586487,359.0003909786145,394.9966879612321
1,2021-11-27T23:15:00Z,330.899,2021-11-26T19:15:00,2021-12-02T00:00:00,319.6253510454004,343.97544445456424,416.1917442938011,346.0294765516848,381.54754921597953
1,2021-11-27T23:30:00Z,333.13,2021-11-26T19:15:00,2021-12-02T00:00:00,341.19496777912445,365.4012834102713,444.2845136195721,367.16277382268953,402.64181850746843
1,2021-11-27T23:45:00Z,347.648,2021-11-26T19:15:00,2021-12-02T00:00:00,357.3843655524608,383.01810140285505,471.7666712682609,385.9794444531691,423.72824439831385
1,2021-11-28T00:00:00Z,468.425,2021-11-26T19:15:00,2021-12-02T00:00:00,362.3254202584227,391.2298390644502,483.5082310084798,397.3002725593948,433.52964155897206
1,2021-11-28T00:15:00Z,684.856,2021-11-26T19:15:00,2021-12-02T00:00:00,347.5187723475184,382.0563262756885,470.86456398220434,381.9234471162911,425.24282952864576
1,2021-11-28T00:30:00Z,757.546,2021-11-26T19:15:00,2021-12-02T00:00:00,374.4883194669171,406.8272391662871,487.00731239915046,408.0578007956732,444.3956647684158
1,2021-11-28T00:45:00Z,768.443,2021-11-26T19:15:00,2021-12-02T00:00:00,368.07472069321875,402.47195552276827,501.11764000566126,406.6598847838123,439.415824525178
1,2021-11-28T01:00:00Z,778.254,2021-11-26T19:15:00,2021-12-02T00:00:00,362.35285009269154,390.6715648008011,488.7432447010727,398.16031856652245,431.8037109247017
1,2021-11-28T01:15:00Z,638.606,2021-11-26T19:15:00,2021-12-02T00:00:00,339.50539314731066,371.3702072075035,461.5079676976208,375.6782598140215,415.10430443468175
1,2021-11-28T01:30:00Z,296.117,2021-11-26T19:15:00,2021-12-02T00:00:00,350.44687250313245,376.66116113730925,465.27030417784135,378.56466599943013,415.66606115224675
1,2021-11-28T01:45:00Z,310.518,2021-11-26T19:15:00,2021-12-02T00:00:00,346.5587888968791,377.25645583559674,469.45064271429317,381.1527586224828,420.31510343977413
1,2021-11-28T02:00:00Z,305.715,2021-11-26T19:15:00,2021-12-02T00:00:00,340.1900710522119,371.8127885992982,461.3068533667327,374.85311431308907,418.73764822397027
1,2021-11-28T02:15:00Z,252.527,2021-11-26T19:15:00,2021-12-02T00:00:00,315.71192878523044,343.3282900389393,425.76279994213974,344.59617011992975,384.04372409138165
1,2021-11-28T02:30:00Z,268.507,2021-11-26T19:15:00,2021-12-02T00:00:00,344.85739254524276,366.6668863078145,445.5385445462358,370.1021497969689,400.1578209462876
1,2021-11-28T02:45:00Z,279.484,2021-11-26T19:15:00,2021-12-02T00:00:00,337.9981803084646,361.1246855324603,451.682570763336,365.80864883594586,412.4122160538198
1,2021-11-28T03:00:00Z,283.525,2021-11-26T19:15:00,2021-12-02T00:00:00,331.07843480830746,353.6827726009185,446.9633307244776,361.1918646620483,397.4415607735623
1,2021-11-28T03:15:00Z,235.418,2021-11-26T19:15:00,2021-12-02T00:00:00,309.6458222074559,335.2243276600676,423.47533830649763,337.37934861350305,376.54697680110985
1,2021-11-28T03:30:00Z,272.357,2021-11-26T19:15:00,2021-12-02T00:00:00,330.61880948978137,353.0345896890042,432.2914731699619,355.10588639390573,387.8875720992928
1,2021-11-28T03:45:00Z,276.869,2021-11-26T19:15:00,2021-12-02T00:00:00,327.168617538883,347.967860017389,430.04920711582645,350.87343564731157,384.62449814725653
1,2021-11-28T04:00:00Z,274.525,2021-11-26T19:15:00,2021-12-02T00:00:00,319.00339156334223,344.6751703579937,429.1473290993366,348.3388439813072,389.9733301584009
1,2021-11-28T04:15:00Z,96.681,2021-11-26T19:15:00,2021-12-02T00:00:00,295.77135681755425,316.5802701295077,400.179614157718,324.5943405106527,360.6295449973679
1,2021-11-28T04:30:00Z,133.459,2021-11-26T19:15:00,2021-12-02T00:00:00,318.21113904006404,339.9492031471482,421.1069105566432,342.6050323754112,376.01849580420355
1,2021-11-28T04:45:00Z,142.729,2021-11-26T19:15:00,2021-12-02T00:00:00,322.959558877231,344.1717076671749,429.54963832995946,348.90538001253606,380.6025925673544
1,2021-11-28T05:00:00Z,135.945,2021-11-26T19:15:00,2021-12-02T00:00:00,314.64909165353833,336.010348615588,419.62150113825567,341.3714022383284,377.44779637470873
1,2021-11-28T05:15:00Z,111.659,2021-11-26T19:15:00,2021-12-02T00:00:00,283.82855724771156,310.00839546924794,383.7237906914876,309.3738516540807,343.0196734219647
1,2021-11-28T05:30:00Z,250.154,2021-11-26T19:15:00,2021-12-02T00:00:00,307.3298896391802,329.7583667817866,409.0288912477444,333.05446603614826,368.6446569146695
1,2021-11-28T05:45:00Z,300.166,2021-11-26T19:15:00,2021-12-02T00:00:00,312.88594318266627,332.8801550666218,410.6643637080506,334.3557093407543,365.0549369188602
1,2021-11-28T06:00:00Z,299.196,2021-11-26T19:15:00,2021-12-02T00:00:00,315.680100062204,338.9898032117276,416.73140449097343,340.83607944218267,370.2306079322035
1,2021-11-28T06:15:00Z,275.379,2021-11-26T19:15:00,2021-12-02T00:00:00,290.1860942513207,312.46281709178726,388.96006233679,315.92754648860057,347.4256123858806
1,2021-11-28T06:30:00Z,296.484,2021-11-26T19:15:00,2021-12-02T00:00:00,307.27197353772334,327.19906928083714,405.933772881226,330.06991077206783,360.16059492248786
1,2021-11-28T06:45:00Z,306.67,2021-11-26T19:15:00,2021-12-02T00:00:00,308.8898055033625,329.4292557586647,409.5383761303486,334.24151302998774,361.57981046089736
1,2021-11-28T07:00:00Z,291.28,2021-11-26T19:15:00,2021-12-02T00:00:00,304.2404835614978,327.94655971867616,406.3239101972628,331.08640951469295,366.8252595101067
1,2021-11-28T07:15:00Z,223.693,2021-11-26T19:15:00,2021-12-02T00:00:00,286.038544459091,303.35433631315334,382.30775755375123,309.56054371912114,346.95336924906695
1,2021-11-28T07:30:00Z,271.295,2021-11-26T19:15:00,2021-12-02T00:00:00,304.72853699304153,323.69217211309115,397.2968726909503,327.9234089805393,352.33835678222545
1,2021-11-28T07:45:00Z,276.018,2021-11-26T19:15:00,2021-12-02T00:00:00,304.15173767812485,321.76005483864526,397.030072337671,326.04497406617395,354.2199735991503
1,2021-11-28T08:00:00Z,276.185,2021-11-26T19:15:00,2021-12-02T00:00:00,293.6707015496173,313.86357529490175,390.8783079123226,318.1684204009496,345.5713329402296
1,2021-11-28T08:15:00Z,244.466,2021-11-26T19:15:00,2021-12-02T00:00:00,270.5997001103129,290.43201467392316,371.0594777955796,293.6134228154091,324.51341031330526
1,2021-11-28T08:30:00Z,283.324,2021-11-26T19:15:00,2021-12-02T00:00:00,290.7308723684979,308.0668411141132,377.539180251958,312.18782279747694,336.8366133817087
1,2021-11-28T08:45:00Z,311.017,2021-11-26T19:15:00,2021-12-02T00:00:00,293.4798523780269,313.270253668507,392.56416218756084,316.4419509607252,343.980320616316
1,2021-11-28T09:00:00Z,310.226,2021-11-26T19:15:00,2021-12-02T00:00:00,285.06698155570115,306.9594224499227,387.398487730076,313.3599156990019,347.8041439062216
1,2021-11-28T09:15:00Z,282.604,2021-11-26T19:15:00,2021-12-02T00:00:00,270.5442281734946,291.5837057703491,368.4272060232073,294.3915956666398,325.5467518420248
1,2021-11-28T09:30:00Z,298.156,2021-11-26T19:15:00,2021-12-02T00:00:00,289.6002573971234,310.4892982515968,383.6771762010661,313.04101678973996,339.3586833720408
1,2021-11-28T09:45:00Z,313.115,2021-11-26T19:15:00,2021-12-02T00:00:00,293.17658757776826,310.06349890152586,392.26644455398826,317.28114279041506,347.8805766910456
1,2021-11-28T10:00:00Z,322.799,2021-11-26T19:15:00,2021-12-02T00:00:00,285.379738739158,304.21934839254357,382.57246659116674,308.78493848239856,338.856298532827
1,2021-11-28T10:15:00Z,221.181,2021-11-26T19:15:00,2021-12-02T00:00:00,266.5418431155682,283.88927423336844,356.13421517396284,285.60214080874636,314.38609978141847
1,2021-11-28T10:30:00Z,226.011,2021-11-26T19:15:00,2021-12-02T00:00:00,282.5544587924067,300.4396670386069,378.92058306533715,304.82941370607875,333.164102003181
1,2021-11-28T10:45:00Z,233.04,2021-11-26T19:15:00,2021-12-02T00:00:00,282.3880319774415,303.51463232756373,376.8774926500285,305.0835087622544,334.6234137160694
1,2021-11-28T11:00:00Z,226.067,2021-11-26T19:15:00,2021-12-02T00:00:00,274.25425139114185,295.14601250122064,372.40452328497634,300.3772769830972,342.0994234360709
1,2021-11-28T11:15:00Z,178.324,2021-11-26T19:15:00,2021-12-02T00:00:00,256.56509748933547,274.4587717025819,351.4483851022684,278.7530205044377,308.9553080988281
1,2021-11-28T11:30:00Z,226.909,2021-11-26T19:15:00,2021-12-02T00:00:00,280.0408604097587,301.6697133974369,371.1112777149589,303.10758519620987,332.703213465683
1,2021-11-28T11:45:00Z,239.066,2021-11-26T19:15:00,2021-12-02T00:00:00,287.99071428836794,305.78216716646057,381.8707592408437,310.3041147038245,334.14084547830254
1,2021-11-28T12:00:00Z,242.769,2021-11-26T19:15:00,2021-12-02T00:00:00,283.70348855378955,304.5346139572408,362.4915000346447,303.110165604892,332.6674652904259
1,2021-11-28T12:15:00Z,327.986,2021-11-26T19:15:00,2021-12-02T00:00:00,274.1947414003763,293.3358926296945,366.1011461719528,298.5213233949396,332.506162131879
1,2021-11-28T12:30:00Z,324.753,2021-11-26T19:15:00,2021-12-02T00:00:00,279.0080372737785,298.9526673683618,370.7727470378487,301.46824186475834,327.967248770659
1,2021-11-28T12:45:00Z,317.724,2021-11-26T19:15:00,2021-12-02T00:00:00,286.2135102557157,303.74985212680883,387.6448335133394,308.65597887813493,336.14389806699813
1,2021-11-28T13:00:00Z,315.169,2021-11-26T19:15:00,2021-12-02T00:00:00,278.7907538927581,297.23265951831615,380.1781878395291,300.0744938169527,330.51173289865756
1,2021-11-28T13:15:00Z,278.672,2021-11-26T19:15:00,2021-12-02T00:00:00,255.60736675650796,273.6149419549439,349.2279859766478,277.78444782234294,306.908037834876
1,2021-11-28T13:30:00Z,301.647,2021-11-26T19:15:00,2021-12-02T00:00:00,279.1976050828637,297.9293262467383,373.39273819387944,302.7646507054998,337.57370212076
1,2021-11-28T13:45:00Z,303.891,2021-11-26T19:15:00,2021-12-02T00:00:00,281.61762468980265,298.9900812973532,376.02256821565305,304.931102391973,330.1804152687685
1,2021-11-28T14:00:00Z,295.135,2021-11-26T19:15:00,2021-12-02T00:00:00,285.6675175568683,304.5670861341126,378.5154202124198,306.83791207227614,334.4661025704253
1,2021-11-28T14:15:00Z,259.107,2021-11-26T19:15:00,2021-12-02T00:00:00,261.0325167533407,278.50897358761233,352.1099836806579,281.84573679231835,310.943094596983
1,2021-11-28T14:30:00Z,272.138,2021-11-26T19:15:00,2021-12-02T00:00:00,279.31748667706563,301.119693431655,372.8499268913025,301.5398211585406,328.77218366758825
1,2021-11-28T14:45:00Z,290.027,2021-11-26T19:15:00,2021-12-02T00:00:00,279.60240467504565,299.8634357317474,373.0634367287359,305.60932611199723,332.53496429943607
1,2021-11-28T15:00:00Z,291.675,2021-11-26T19:15:00,2021-12-02T00:00:00,289.0674135218352,307.5104578423005,382.11186740763804,313.66884314896674,350.70922643800895
1,2021-11-28T15:15:00Z,239.733,2021-11-26T19:15:00,2021-12-02T00:00:00,259.010685891302,279.56346870258733,347.56230560027655,279.88239224360063,308.70689696330055
1,2021-11-28T15:30:00Z,254.72,2021-11-26T19:15:00,2021-12-02T00:00:00,285.7592356933256,306.96476760882916,377.20688939304637,307.46156278017867,344.1060697379005
1,2021-11-28T15:45:00Z,266.185,2021-11-26T19:15:00,2021-12-02T00:00:00,291.0617378512382,309.23285761808495,378.45913341387984,312.17244627401834,339.8567270323166
1,2021-11-28T16:00:00Z,284.819,2021-11-26T19:15:00,2021-12-02T00:00:00,291.88622195220415,310.19695237301573,383.8315627412648,312.8668664782417,340.7079610227988
1,2021-11-28T16:15:00Z,249.192,2021-11-26T19:15:00,2021-12-02T00:00:00,271.04961175599027,291.1949593735817,361.3740610066605,293.2650155000654,321.61306933891876
1,2021-11-28T16:30:00Z,257.076,2021-11-26T19:15:00,2021-12-02T00:00:00,296.2848489251433,314.6754236892451,382.1299264678836,316.9954176912467,343.8230853021616
1,2021-11-28T16:45:00Z,281.893,2021-11-26T19:15:00,2021-12-02T00:00:00,298.92651010002527,318.6627285660716,395.69110388559585,322.4460794604777,357.61581911766336
1,2021-11-28T17:00:00Z,279.71,2021-11-26T19:15:00,2021-12-02T00:00:00,290.5238114047403,311.5972231108796,391.44259358590085,316.7513283586705,350.3844255306255
1,2021-11-28T17:15:00Z,214.237,2021-11-26T19:15:00,2021-12-02T00:00:00,265.4146417129655,283.3906391203498,368.8588958464172,291.50494870637,317.3651543268229
1,2021-11-28T17:30:00Z,251.792,2021-11-26T19:15:00,2021-12-02T00:00:00,295.1184323446213,311.7711602866841,385.7885114278102,315.2546996857439,340.84014046129204
1,2021-11-28T17:45:00Z,305.825,2021-11-26T19:15:00,2021-12-02T00:00:00,303.9982197528517,324.85145257967207,403.99829026021087,328.5125657103221,356.85435187009153
1,2021-11-28T18:00:00Z,244.147,2021-11-26T19:15:00,2021-12-02T00:00:00,301.62633034339376,318.9939018635031,396.40787243282307,322.66573206464767,350.3775240048022
1,2021-11-28T18:15:00Z,193.857,2021-11-26T19:15:00,2021-12-02T00:00:00,275.6450205622847,298.4240270983893,376.4386673277112,301.987233435509,331.421441320711
1,2021-11-28T18:30:00Z,284.113,2021-11-26T19:15:00,2021-12-02T00:00:00,296.5857890292012,315.56574354339654,382.28493495148473,316.13424873249795,343.50361541980885
1,2021-11-28T18:45:00Z,257.071,2021-11-26T19:15:00,2021-12-02T00:00:00,297.0023375669128,316.52961907232674,393.6185229116162,322.3193594152243,348.1029310522333
1,2021-11-28T19:00:00Z,261.567,2021-11-26T19:15:00,2021-12-02T00:00:00,291.55282464573014,314.98200089647924,390.7052046304188,318.4110752345295,356.85355189415213
1,2021-11-28T19:15:00Z,208.634,2021-11-26T19:15:00,2021-12-02T00:00:00,271.909208934554,290.4960573227012,364.47270827581644,294.8837881031915,320.8461327854091
1,2021-11-28T19:30:00Z,248.324,2021-11-26T19:15:00,2021-12-02T00:00:00,294.6772404370648,312.627176489809,382.9386828912852,317.6246457958382,349.9987595806547
1,2021-11-28T19:45:00Z,254.525,2021-11-26T19:15:00,2021-12-02T00:00:00,291.0938604229764,309.4239094585223,381.92287610076846,313.0489680042116,341.025990242267
1,2021-11-28T20:00:00Z,250.805,2021-11-26T19:15:00,2021-12-02T00:00:00,289.408062456171,309.82356892989765,391.0367436557215,314.13300865643896,352.64710439292764
1,2021-11-28T20:15:00Z,207.793,2021-11-26T19:15:00,2021-12-02T00:00:00,269.0736092048768,287.3693517507677,357.58066311721177,292.32556687781323,320.34407282617593
1,2021-11-28T20:30:00Z,256.469,2021-11-26T19:15:00,2021-12-02T00:00:00,292.37696119451,314.482597067863,387.00818998505986,315.06674372772477,342.90500752088
1,2021-11-28T20:45:00Z,271.542,2021-11-26T19:15:00,2021-12-02T00:00:00,300.17257701931266,320.84421193813967,396.0894438669334,323.37143433588494,351.43119635607115
1,2021-11-28T21:00:00Z,264.457,2021-11-26T19:15:00,2021-12-02T00:00:00,292.0986718061107,313.23483298043567,389.25703741504867,317.02838073171716,349.0439941043711
1,2021-11-28T21:15:00Z,214.482,2021-11-26T19:15:00,2021-12-02T00:00:00,270.440531176473,292.5361258499341,365.05792682267213,294.68357410638504,322.7079323276604
1,2021-11-28T21:30:00Z,255.068,2021-11-26T19:15:00,2021-12-02T00:00:00,295.19375832187285,314.5339217912844,395.05145934350855,319.6127624121337,346.52205894336805
1,2021-11-28T21:45:00Z,304.655,2021-11-26T19:15:00,2021-12-02T00:00:00,301.9269387554885,320.05630214238255,389.99105567829554,325.2149712679071,350.16122807344243
1,2021-11-28T22:00:00Z,368.594,2021-11-26T19:15:00,2021-12-02T00:00:00,308.5088030752178,327.78266791877115,405.21658271936303,330.8787652334567,358.92867615201305
1,2021-11-28T22:15:00Z,389.734,2021-11-26T19:15:00,2021-12-02T00:00:00,281.9087338991906,301.79924459678176,379.27038081066297,306.8228990537485,341.46325703311965
1,2021-11-28T22:30:00Z,444.303,2021-11-26T19:15:00,2021-12-02T00:00:00,307.5514319172422,327.1004852823172,397.79114037552984,329.7027204542797,357.41703770736166
1,2021-11-28T22:45:00Z,461.775,2021-11-26T19:15:00,2021-12-02T00:00:00,315.14977674205727,334.03207788583074,415.42962615375166,339.9470768575682,376.9705617689434
1,2021-11-28T23:00:00Z,459.73,2021-11-26T19:15:00,2021-12-02T00:00:00,316.97780888308705,335.21185770510556,412.1522830111705,342.28797677201567,370.44403499192777
1,2021-11-28T23:15:00Z,389.707,2021-11-26T19:15:00,2021-12-02T00:00:00,298.1656057973863,318.26442800898826,402.2357750775385,325.4065662660206,355.1941457312388
1,2021-11-28T23:30:00Z,361.009,2021-11-26T19:15:00,2021-12-02T00:00:00,326.72441949511887,347.7289019799122,425.6879828739667,349.73701550656483,383.59101116947323
1,2021-11-28T23:45:00Z,438.818,2021-11-26T19:15:00,2021-12-02T00:00:00,340.0912478869565,365.0389674518543,446.1179752075882,369.8983292166366,399.0078614664509
1,2021-11-29T00:00:00Z,403.348,2021-11-26T19:15:00,2021-12-02T00:00:00,355.3741441467347,382.68970667465766,477.38495096513634,386.27939221831605,426.015809352955
1,2021-11-29T00:15:00Z,495.071,2021-11-26T19:15:00,2021-12-02T00:00:00,334.7963312895942,363.714944336962,444.6430970170745,364.8923991481455,402.9846034693667
1,2021-11-29T00:30:00Z,481.879,2021-11-26T19:15:00,2021-12-02T00:00:00,362.24429501375005,390.76283458743285,473.2759821469006,393.45882585985896,431.5964512452157
1,2021-11-29T00:45:00Z,293.216671875,2021-11-26T19:15:00,2021-12-02T00:00:00,365.6911804169175,390.3060758593891,484.4815977152049,396.8922550471813,432.9335959606291
1,2021-11-29T01:00:00Z,292.9385417480469,2021-11-26T19:15:00,2021-12-02T00:00:00,370.39319757767805,397.7909812456163,496.9667049384546,403.56374701636264,443.6919193204561
1,2021-11-29T01:15:00Z,292.66842521286014,2021-11-26T19:15:00,2021-12-02T00:00:00,352.79445525884114,380.6048000963533,467.65304945511724,383.0182928952236,422.21204247998037
1,2021-11-29T01:30:00Z,403.603,2021-11-26T19:15:00,2021-12-02T00:00:00,373.68368051607297,402.6261323553994,485.83487218756443,400.39987923881364,435.4312051279565
1,2021-11-29T01:45:00Z,427.748,2021-11-26T19:15:00,2021-12-02T00:00:00,379.65049727778455,404.2562423919506,503.2722356196612,407.6890769122762,445.6602279179866
1,2021-11-29T02:00:00Z,441.325,2021-11-26T19:15:00,2021-12-02T00:00:00,373.9216828368775,400.101113680195,491.42032912829507,404.11655437501315,445.021142605079
1,2021-11-29T02:15:00Z,435.034,2021-11-26T19:15:00,2021-12-02T00:00:00,352.20651479508746,380.2911952882212,477.2803871223482,383.58251861085006,418.7999017898402
1,2021-11-29T02:30:00Z,453.292,2021-11-26T19:15:00,2021-12-02T00:00:00,383.38960136624183,411.25774323564235,506.3271250740915,414.0591152289462,449.6650989161582
1,2021-11-29T02:45:00Z,461.919,2021-11-26T19:15:00,2021-12-02T00:00:00,389.7699534800921,412.94284159238623,511.6901160263107,420.9301166206163,454.12476862972255
1,2021-11-29T03:00:00Z,472.852,2021-11-26T19:15:00,2021-12-02T00:00:00,386.0579597669704,411.7600705828325,503.1815616275063,416.40659996289696,457.5963289626292
1,2021-11-29T03:15:00Z,428.379,2021-11-26T19:15:00,2021-12-02T00:00:00,370.9047326931678,395.9563713677393,485.83506690142485,399.7730785300211,443.2015208241695
1,2021-11-29T03:30:00Z,455.676,2021-11-26T19:15:00,2021-12-02T00:00:00,387.97073180312725,412.2344667059166,481.05930892488203,411.7792867634398,446.51979876423366
1,2021-11-29T03:45:00Z,464.914,2021-11-26T19:15:00,2021-12-02T00:00:00,381.45260006636965,403.37239351358755,494.92911951193764,406.76970489731855,441.306383290014
1,2021-11-29T04:00:00Z,462.562,2021-11-26T19:15:00,2021-12-02T00:00:00,388.97595736315907,413.9090460386392,498.9634740407475,414.6388786276728,453.89353000176044
1,2021-11-29T04:15:00Z,359.523,2021-11-26T19:15:00,2021-12-02T00:00:00,362.6552649807403,387.0579049330169,470.850287506908,389.8300716621237,425.08334585769035
1,2021-11-29T04:30:00Z,436.185,2021-11-26T19:15:00,2021-12-02T00:00:00,380.7116844919227,405.59970950179957,486.78284772097476,407.01037076308,441.2611659721855
1,2021-11-29T04:45:00Z,413.797,2021-11-26T19:15:00,2021-12-02T00:00:00,380.08882701254265,402.4762122962874,500.0846362080377,409.8383060977565,436.73451780095564
1,2021-11-29T05:00:00Z,343.923,2021-11-26T19:15:00,2021-12-02T00:00:00,382.43479179526815,408.4242149641608,500.20234696523573,411.62307580182585,446.87182152082016
1,2021-11-29T05:15:00Z,284.796,2021-11-26T19:15:00,2021-12-02T00:00:00,344.42485706118316,368.84806790786496,453.89982068183826,371.46679006892,405.6114531885111
1,2021-11-29T05:30:00Z,325.006,2021-11-26T19:15:00,2021-12-02T00:00:00,358.5585280810249,380.0065492919392,467.2921335320815,385.2668279215224,416.28418444544843
1,2021-11-29T05:45:00Z,366.215,2021-11-26T19:15:00,2021-12-02T00:00:00,357.9331658366667,379.97239567805974,464.0009427548388,383.6565375912486,418.6090023269803
1,2021-11-29T06:00:00Z,371.726,2021-11-26T19:15:00,2021-12-02T00:00:00,356.13672840694767,379.43447722233566,459.30353669091784,382.1877254862109,420.20156431842895
1,2021-11-29T06:15:00Z,309.689,2021-11-26T19:15:00,2021-12-02T00:00:00,331.058369332021,354.0261170980615,430.3622995433514,354.26076312041675,386.9941028553008
1,2021-11-29T06:30:00Z,332.776,2021-11-26T19:15:00,2021-12-02T00:00:00,342.52523358897326,364.3409723626124,440.65359296176183,370.05828871760826,402.7834360658052
1,2021-11-29T06:45:00Z,341.942,2021-11-26T19:15:00,2021-12-02T00:00:00,346.45781107087583,367.88599339622704,457.25830274586843,373.2000872980247,410.5123737861879
1,2021-11-29T07:00:00Z,338.966,2021-11-26T19:15:00,2021-12-02T00:00:00,343.32231835448033,365.8294077768739,442.94379481013885,366.73195012582136,403.4103930352959
1,2021-11-29T07:15:00Z,276.358,2021-11-26T19:15:00,2021-12-02T00:00:00,316.1810086801486,341.28381975162483,418.9655347701963,344.7299704284161,381.34266493933285
1,2021-11-29T07:30:00Z,312.638,2021-11-26T19:15:00,2021-12-02T00:00:00,342.0658249351171,365.64398328196324,440.87522489113036,367.81232849193356,402.40833463302886
1,2021-11-29T07:45:00Z,307.471,2021-11-26T19:15:00,2021-12-02T00:00:00,340.1077377462253,361.6593123138923,441.3551896209433,364.46999546834206,395.14610586580886
1,2021-11-29T08:00:00Z,305.548,2021-11-26T19:15:00,2021-12-02T00:00:00,336.6087521496937,358.4551376103238,443.85430932771925,362.3667131741794,393.050003846038
1,2021-11-29T08:15:00Z,244.743,2021-11-26T19:15:00,2021-12-02T00:00:00,313.8053385109262,337.7449010271016,415.27250115611696,340.92754014440715,372.8831953612393
1,2021-11-29T08:30:00Z,292.499,2021-11-26T19:15:00,2021-12-02T00:00:00,327.2692679565399,350.37132857218774,422.9142567289611,350.8327853654622,378.58845132655836
1,2021-11-29T08:45:00Z,331.005,2021-11-26T19:15:00,2021-12-02T00:00:00,328.2105301673845,347.378770524132,433.2524803027639,354.32410188827896,387.62797838097225
1,2021-11-29T09:00:00Z,339.039,2021-11-26T19:15:00,2021-12-02T00:00:00,326.3358524150194,346.61557030423444,419.28990039376885,352.0435317694561,381.551085927806
1,2021-11-29T09:15:00Z,277.009,2021-11-26T19:15:00,2021-12-02T00:00:00,309.1091119126628,331.7857318460998,415.306415077457,338.18845244207,378.9317477681184
1,2021-11-29T09:30:00Z,309.901,2021-11-26T19:15:00,2021-12-02T00:00:00,322.40942109356854,343.8139991534728,435.54945446275195,353.02060558666534,394.9298881144805
1,2021-11-29T09:45:00Z,344.018,2021-11-26T19:15:00,2021-12-02T00:00:00,325.6095038852266,345.53606405390957,423.0474373862477,349.7192818579678,378.1846068138
1,2021-11-29T10:00:00Z,354.33,2021-11-26T19:15:00,2021-12-02T00:00:00,325.9566390515033,345.75840244044355,431.9118661979799,351.49168704384994,383.13035181749785
1,2021-11-29T10:15:00Z,288.465,2021-11-26T19:15:00,2021-12-02T00:00:00,300.09616290258816,321.1956463865481,406.2518417950202,324.8289938409523,357.3432995152872
1,2021-11-29T10:30:00Z,312.602,2021-11-26T19:15:00,2021-12-02T00:00:00,315.62754858521106,340.02539557647555,419.1872423519233,342.14378094899814,375.2562069752342
1,2021-11-29T10:45:00Z,283.503,2021-11-26T19:15:00,2021-12-02T00:00:00,321.33681052605186,344.33681692787394,427.75312823102894,348.5498712918014,387.44869875264584
1,2021-11-29T11:00:00Z,208.542,2021-11-26T19:15:00,2021-12-02T00:00:00,319.7736095457153,341.01355129175283,425.6523762416908,345.9906020281231,387.0604774524651
1,2021-11-29T11:15:00Z,293.925,2021-11-26T19:15:00,2021-12-02T00:00:00,299.2323264109591,322.4512194030807,402.5943426891147,326.6261834275246,360.5720264382434
1,2021-11-29T11:30:00Z,341.106,2021-11-26T19:15:00,2021-12-02T00:00:00,314.6792772655352,338.54582130798997,421.22701065146975,344.73020525975437,371.55140918787157
1,2021-11-29T11:45:00Z,315.635,2021-11-26T19:15:00,2021-12-02T00:00:00,322.76597768204323,347.07308889961377,427.25973263006574,350.90642095467126,382.6502765761455
1,2021-11-29T12:00:00Z,324.942,2021-11-26T19:15:00,2021-12-02T00:00:00,318.6923013354956,344.6171168183839,420.4678963875557,345.5262067379171,383.5049774562156
1,2021-11-29T12:15:00Z,266.572,2021-11-26T19:15:00,2021-12-02T00:00:00,295.1591528184,322.3339827877483,398.51399234126797,323.08725339580496,357.0757585895576
1,2021-11-29T12:30:00Z,315.244,2021-11-26T19:15:00,2021-12-02T00:00:00,315.145683481758,335.29546602901195,414.44595032741574,340.493984218532,368.91849377406663
1,2021-11-29T12:45:00Z,307.739,2021-11-26T19:15:00,2021-12-02T00:00:00,318.32584757742126,341.84547476866743,428.65539981748816,346.0465665156004,381.09921560907765
1,2021-11-29T13:00:00Z,313.903,2021-11-26T19:15:00,2021-12-02T00:00:00,318.06293998874446,344.6645582363147,430.31605996105964,346.5786724624657,388.1364717757003
1,2021-11-29T13:15:00Z,268.977,2021-11-26T19:15:00,2021-12-02T00:00:00,287.23551094245823,309.9769866186414,397.11959751132997,313.74017115949914,347.6291187018993
1,2021-11-29T13:30:00Z,289.05,2021-11-26T19:15:00,2021-12-02T00:00:00,307.0030111943611,328.36894527102197,407.73077516108293,330.0836720765166,357.55542369445175
1,2021-11-29T13:45:00Z,306.475,2021-11-26T19:15:00,2021-12-02T00:00:00,314.5802384323352,332.39778645432926,421.82446388932703,337.52281796949245,367.3530928415431
1,2021-11-29T14:00:00Z,311.168,2021-11-26T19:15:00,2021-12-02T00:00:00,315.9840404395509,339.0571781981255,425.3469152774827,344.4456854563441,384.08478541699253
1,2021-11-29T14:15:00Z,265.708,2021-11-26T19:15:00,2021-12-02T00:00:00,286.50596840027157,308.2243970012859,396.7491709169684,311.5365866674568,345.3913826103278
1,2021-11-29T14:30:00Z,288.708,2021-11-26T19:15:00,2021-12-02T00:00:00,305.3292310871492,329.3907067830854,412.11753848474564,334.78629306646485,376.2685732772643
1,2021-11-29T14:45:00Z,325.808,2021-11-26T19:15:00,2021-12-02T00:00:00,313.80207850454923,337.28861192100794,425.59662948143614,343.6726551072853,374.494931266943
1,2021-11-29T15:00:00Z,329.797,2021-11-26T19:15:00,2021-12-02T00:00:00,316.30725293722156,338.37245961915903,425.4419910199669,344.5632004241413,375.05632540382044
1,2021-11-29T15:15:00Z,275.064,2021-11-26T19:15:00,2021-12-02T00:00:00,283.94424355940134,306.72646268630524,386.3601829751393,309.9959388978997,343.5826869188478
1,2021-11-29T15:30:00Z,283.395,2021-11-26T19:15:00,2021-12-02T00:00:00,316.4723032828775,333.015669703624,431.19799024309003,339.0378656263731,367.3818925395378
1,2021-11-29T15:45:00Z,299.549,2021-11-26T19:15:00,2021-12-02T00:00:00,318.35509434094064,338.7150341213839,424.7915530323815,341.88691216446324,374.0439355638792
1,2021-11-29T16:00:00Z,328.56,2021-11-26T19:15:00,2021-12-02T00:00:00,316.0603910204926,337.64223752444525,421.3997307445646,340.82551629296785,372.37701620119833
1,2021-11-29T16:15:00Z,290.062,2021-11-26T19:15:00,2021-12-02T00:00:00,296.8660962991685,322.4063836548642,408.06048106237444,325.0849572141585,365.01077493980404
1,2021-11-29T16:30:00Z,313.182,2021-11-26T19:15:00,2021-12-02T00:00:00,321.03579056356693,346.60794046387565,431.5832106344172,350.5877966854546,390.5039151125384
1,2021-11-29T16:45:00Z,335.183,2021-11-26T19:15:00,2021-12-02T00:00:00,320.68230525090013,344.4170096057572,429.7666531158281,351.3678230557196,394.31162388440686
1,2021-11-29T17:00:00Z,340.374,2021-11-26T19:15:00,2021-12-02T00:00:00,311.3769918751234,335.6435453769436,420.50702762945065,340.78959299638586,384.23538473017476
1,2021-11-29T17:15:00Z,257.778,2021-11-26T19:15:00,2021-12-02T00:00:00,284.8080713722872,308.16752372764137,388.34643512685926,311.63912422370606,345.0248485219234
1,2021-11-29T17:30:00Z,314.398,2021-11-26T19:15:00,2021-12-02T00:00:00,315.2480531806962,336.3219138829477,418.9235689485064,340.6086679428915,374.82870204588454
1,2021-11-29T17:45:00Z,384.098,2021-11-26T19:15:00,2021-12-02T00:00:00,327.41623256020824,347.4967581704389,429.40061781497525,352.3647965740679,383.4040474126374
1,2021-11-29T18:00:00Z,364.205,2021-11-26T19:15:00,2021-12-02T00:00:00,322.4520499181682,341.6070450106045,424.29650829633135,347.54736881894377,383.71733789288203
1,2021-11-29T18:15:00Z,297.542,2021-11-26T19:15:00,2021-12-02T00:00:00,298.92335350393216,320.61211872674676,403.1991373994129,324.25172876060634,352.59115809826034
1,2021-11-29T18:30:00Z,358.28,2021-11-26T19:15:00,2021-12-02T00:00:00,317.65457937111677,341.41382088489166,419.65266208050355,344.4113559775663,374.2905286530683
1,2021-11-29T18:45:00Z,390.82,2021-11-26T19:15:00,2021-12-02T00:00:00,320.68333262632143,342.4826579150973,421.5666701051984,348.00197226557475,376.6208953145955
1,2021-11-29T19:00:00Z,426.365,2021-11-26T19:15:00,2021-12-02T00:00:00,314.8579100249905,336.3042220292831,417.76328942647376,340.0533553666781,373.5814506752547
1,2021-11-29T19:15:00Z,450.155,2021-11-26T19:15:00,2021-12-02T00:00:00,293.3921475924834,314.783359852802,385.25698389883485,316.66152361506255,346.7289563979821
1,2021-11-29T19:30:00Z,512.709,2021-11-26T19:15:00,2021-12-02T00:00:00,318.0832711498988,337.7565265520546,418.12239840559204,340.50195264832263,375.42504825962635
1,2021-11-29T19:45:00Z,542.927,2021-11-26T19:15:00,2021-12-02T00:00:00,317.1659748397923,338.11375942504685,417.4428431065433,339.22109686787627,367.2877429886686
1,2021-11-29T20:00:00Z,536.504,2021-11-26T19:15:00,2021-12-02T00:00:00,310.8997403337282,332.42207437883025,415.69117486803134,338.0278017760332,374.24854723118733
1,2021-11-29T20:15:00Z,480.366,2021-11-26T19:15:00,2021-12-02T00:00:00,285.92965203399996,307.39773216948015,390.44820599800283,311.9789937125905,344.9960529071183
1,2021-11-29T20:30:00Z,536.846,2021-11-26T19:15:00,2021-12-02T00:00:00,313.17443620330164,336.12008942565154,400.47715780719074,336.13235617400716,368.0205600575997
1,2021-11-29T20:45:00Z,513.021,2021-11-26T19:15:00,2021-12-02T00:00:00,319.33301374944045,338.00899591582674,419.65566218518296,343.37464863105816,375.1730953454215
1,2021-11-29T21:00:00Z,538.227,2021-11-26T19:15:00,2021-12-02T00:00:00,312.9134472227476,332.3321374431099,408.2670168045555,334.2989484680299,365.29234825847374
1,2021-11-29T21:15:00Z,481.37,2021-11-26T19:15:00,2021-12-02T00:00:00,292.33219505818204,315.8503009871939,391.77658627460113,318.41189991943963,351.10101709928347
1,2021-11-29T21:30:00Z,507.316,2021-11-26T19:15:00,2021-12-02T00:00:00,313.43103067412073,336.03823430279635,412.3344017569968,337.8040573181505,371.3461354435568
1,2021-11-29T21:45:00Z,493.245,2021-11-26T19:15:00,2021-12-02T00:00:00,326.27720831932874,347.0771208183138,439.1873643068464,351.69958103741476,389.9603734635564
1,2021-11-29T22:00:00Z,525.992,2021-11-26T19:15:00,2021-12-02T00:00:00,327.9567889002958,351.24917525175397,439.9297077852965,355.37881391127405,390.26492266142225
1,2021-11-29T22:15:00Z,467.325,2021-11-26T19:15:00,2021-12-02T00:00:00,303.401345581285,327.00510009983395,409.4514584366936,331.0993251544226,370.94006578531577
1,2021-11-29T22:30:00Z,513.011,2021-11-26T19:15:00,2021-12-02T00:00:00,332.4750314827556,354.6279227861852,435.6646981859882,357.12606490083573,387.0513986674855
1,2021-11-29T22:45:00Z,537.668,2021-11-26T19:15:00,2021-12-02T00:00:00,330.46648046971353,353.5942633896253,443.0506973131631,359.692084446626,396.3736897764014
1,2021-11-29T23:00:00Z,538.527,2021-11-26T19:15:00,2021-12-02T00:00:00,333.4989200531125,357.7523443813499,455.5330721651252,366.047608623412,402.3563782699778
1,2021-11-29T23:15:00Z,441.455,2021-11-26T19:15:00,2021-12-02T00:00:00,314.24481473111166,337.8991918139574,420.80827981499823,341.3566984277307,372.9783277530416
1,2021-11-29T23:30:00Z,525.014,2021-11-26T19:15:00,2021-12-02T00:00:00,341.989593541929,364.3746573111384,453.6367435981565,368.5331825843029,415.76977196760737
1,2021-11-29T23:45:00Z,534.326,2021-11-26T19:15:00,2021-12-02T00:00:00,353.396528769497,376.0733919188163,458.34187920636066,380.2077997191347,411.18741588151516
1,2021-11-30T00:00:00Z,451.725,2021-11-26T19:15:00,2021-12-02T00:00:00,359.86212810470204,389.3923770817244,470.88154038882766,391.87677818038475,426.1552587300107
1,2021-11-30T00:15:00Z,372.4530781250001,2021-11-26T19:15:00,2021-12-02T00:00:00,344.67921092478383,374.25460258633314,462.8166946005551,378.1405127593956,418.9009250945339
1,2021-11-30T00:30:00Z,374.44854809570325,2021-11-26T19:15:00,2021-12-02T00:00:00,373.48971789481925,402.04494521953546,484.2077678662842,402.056392324585,435.71959002736986
1,2021-11-30T00:45:00Z,445.361,2021-11-26T19:15:00,2021-12-02T00:00:00,383.86201403008806,410.04693132808734,501.69587985945543,414.24547080603514,447.4007820279817
1,2021-11-30T01:00:00Z,485.119,2021-11-26T19:15:00,2021-12-02T00:00:00,390.56193329735817,419.0923629568483,508.75038332468705,424.2307618086067,457.75866983823107
1,2021-11-30T01:15:00Z,438.508,2021-11-26T19:15:00,2021-12-02T00:00:00,373.5145540871782,400.6635237124423,483.6827629004244,404.186457611405,442.1306769386853
1,2021-11-30T01:30:00Z,469.469,2021-11-26T19:15:00,2021-12-02T00:00:00,399.7153182937269,424.2272066942305,530.191649469551,431.4724648510054,465.3269739726089
1,2021-11-30T01:45:00Z,470.104,2021-11-26T19:15:00,2021-12-02T00:00:00,408.369733286583,433.7218158350979,526.3736921659706,440.32475996501614,473.46687649553525
1,2021-11-30T02:00:00Z,487.4,2021-11-26T19:15:00,2021-12-02T00:00:00,396.89121759242215,426.76032621246907,517.4137006731158,429.5073630548371,465.4669057835499
1,2021-11-30T02:15:00Z,433.036,2021-11-26T19:15:00,2021-12-02T00:00:00,380.9573154682977,409.7950335929196,495.9646395380193,414.40395712144857,445.2857206391785
1,2021-11-30T02:30:00Z,442.367,2021-11-26T19:15:00,2021-12-02T00:00:00,395.8089873252598,425.86714826807656,512.1111758963356,426.1964958049583,464.1033002780978
1,2021-11-30T02:45:00Z,465.966,2021-11-26T19:15:00,2021-12-02T00:00:00,399.5963452398123,431.2789892883351,525.331363619743,436.0259775574924,482.73009407877055
1,2021-11-30T03:00:00Z,445.95,2021-11-26T19:15:00,2021-12-02T00:00:00,402.80456229210193,431.0296765692886,528.4577134335949,435.98460095295275,475.19883369581294
1,2021-11-30T03:15:00Z,357.388,2021-11-26T19:15:00,2021-12-02T00:00:00,385.9695392371749,412.37878005308824,501.6640284179026,418.44155992246607,461.42941715463866
1,2021-11-30T03:30:00Z,369.644,2021-11-26T19:15:00,2021-12-02T00:00:00,397.2042498876423,425.7098433109105,514.8013547381113,428.70379233912684,463.28903274253196
1,2021-11-30T03:45:00Z,372.779,2021-11-26T19:15:00,2021-12-02T00:00:00,390.46664858926437,416.60533508132085,508.0330906289737,419.1287420221621,453.31611078354365
1,2021-11-30T04:00:00Z,370.595,2021-11-26T19:15:00,2021-12-02T00:00:00,386.2482248320581,413.1025136246911,497.7431777732151,416.7863006273843,455.42681538265214
1,2021-11-30T04:15:00Z,307.464,2021-11-26T19:15:00,2021-12-02T00:00:00,356.3348173579665,379.07590070492586,471.098807037818,385.34901258088365,416.38805273568767
1,2021-11-30T04:30:00Z,351.522,2021-11-26T19:15:00,2021-12-02T00:00:00,378.44474656561624,402.5435514774106,484.4920595306394,405.80110199523403,439.09793073079936
1,2021-11-30T04:45:00Z,276.992,2021-11-26T19:15:00,2021-12-02T00:00:00,380.537228373926,405.42352188949536,493.9857144381829,411.7219572338041,453.1473394771359
1,2021-11-30T05:00:00Z,298.756,2021-11-26T19:15:00,2021-12-02T00:00:00,381.4287933990766,405.314094298463,489.8432327567431,408.67577682210475,443.708991275474
1,2021-11-30T05:15:00Z,243.812,2021-11-26T19:15:00,2021-12-02T00:00:00,351.08391170098736,380.1433444015478,457.5918204717269,380.43924997942565,408.9019218802765
1,2021-11-30T05:30:00Z,267.186,2021-11-26T19:15:00,2021-12-02T00:00:00,363.40925449010456,385.7534837066669,459.7788594518506,386.8228752148711,416.8528373519786
1,2021-11-30T05:45:00Z,371.413,2021-11-26T19:15:00,2021-12-02T00:00:00,357.0878649294609,381.81666258267455,470.4768692638524,387.4248699732917,417.4529843235141
1,2021-11-30T06:00:00Z,357.723,2021-11-26T19:15:00,2021-12-02T00:00:00,356.0384076679303,378.1516931730024,469.95640646184967,383.81836389558794,413.1857755832618
1,2021-11-30T06:15:00Z,313.969,2021-11-26T19:15:00,2021-12-02T00:00:00,327.59366152909075,353.2643843008057,438.4818453181542,357.6591799436085,393.91087175303016
1,2021-11-30T06:30:00Z,325.345,2021-11-26T19:15:00,2021-12-02T00:00:00,348.41565308981126,367.38146387229517,441.8953728138031,369.2680938788168,399.8893580235832
1,2021-11-30T06:45:00Z,337.286,2021-11-26T19:15:00,2021-12-02T00:00:00,345.8848863546997,367.26890370902447,453.2267637356822,371.6257382459288,403.60356741493416
1,2021-11-30T07:00:00Z,326.01,2021-11-26T19:15:00,2021-12-02T00:00:00,340.56509448103077,363.01643518113474,449.5472917277201,368.6798110101658,399.02941156944775
1,2021-11-30T07:15:00Z,278.597,2021-11-26T19:15:00,2021-12-02T00:00:00,319.94868956134036,336.99533551345473,422.5768042089434,341.4727225489323,367.680805131882
1,2021-11-30T07:30:00Z,286.768,2021-11-26T19:15:00,2021-12-02T00:00:00,332.6511362240474,354.551653636271,430.3366318336365,358.0336202697298,384.9594342573795
1,2021-11-30T07:45:00Z,313.066,2021-11-26T19:15:00,2021-12-02T00:00:00,335.5391249840092,355.1995712909519,439.234439732631,362.0845151331142,402.4776353020019
1,2021-11-30T08:00:00Z,286.311,2021-11-26T19:15:00,2021-12-02T00:00:00,332.8316263814318,354.4661070202984,427.4391506133147,356.5237797051823,387.38890270812146
1,2021-11-30T08:15:00Z,269.632,2021-11-26T19:15:00,2021-12-02T00:00:00,306.1550904479512,328.65917120530065,408.9953095268622,331.8352521792177,366.3082015932367
1,2021-11-30T08:30:00Z,323.549,2021-11-26T19:15:00,2021-12-02T00:00:00,325.7181442862238,345.20377933920844,424.10364762824054,347.112305150625,376.6776703835661
1,2021-11-30T08:45:00Z,339.434,2021-11-26T19:15:00,2021-12-02T00:00:00,322.2267184507018,343.3650985439605,430.47655964397774,349.05924969305477,381.85958047950584
1,2021-11-30T09:00:00Z,344.24,2021-11-26T19:15:00,2021-12-02T00:00:00,325.5417306759915,348.73966524084426,423.63041556644947,349.58348081085717,385.54310832653283
1,2021-11-30T09:15:00Z,276.951,2021-11-26T19:15:00,2021-12-02T00:00:00,304.64211163783426,325.06564333439775,412.90741588099297,331.8943030411387,366.11334451313803
1,2021-11-30T09:30:00Z,320.625,2021-11-26T19:15:00,2021-12-02T00:00:00,324.9937910892396,348.9601017156304,432.5026284988018,349.3259361909818,381.8764209953305
1,2021-11-30T09:45:00Z,343.96,2021-11-26T19:15:00,2021-12-02T00:00:00,317.58778315668917,340.4512979453789,431.43510814431545,342.3009034652955,375.9036852419785
1,2021-11-30T10:00:00Z,344.709,2021-11-26T19:15:00,2021-12-02T00:00:00,316.76576276586894,336.7849200683971,432.851551489506,345.1373038642445,378.6936867595634
1,2021-11-30T10:15:00Z,297.86,2021-11-26T19:15:00,2021-12-02T00:00:00,287.02381466866177,308.7152716675272,394.5521977995338,314.9679614727919,352.9815367655899
1,2021-11-30T10:30:00Z,332.706,2021-11-26T19:15:00,2021-12-02T00:00:00,309.6781821121091,330.1196223288424,404.08932015038374,332.5905490649292,372.7320621919213
1,2021-11-30T10:45:00Z,339.915,2021-11-26T19:15:00,2021-12-02T00:00:00,311.69719380774484,334.42951965525856,415.0649507377922,336.0560357867431,367.9463520836004
1,2021-11-30T11:00:00Z,341.364,2021-11-26T19:15:00,2021-12-02T00:00:00,304.31446767465945,326.4800116708053,407.77307053104977,330.81164931710975,364.99061859590927
1,2021-11-30T11:15:00Z,237.37,2021-11-26T19:15:00,2021-12-02T00:00:00,293.919740015138,315.81872917491785,393.2066884022221,317.5174194998038,350.7282392719338
1,2021-11-30T11:30:00Z,266.802,2021-11-26T19:15:00,2021-12-02T00:00:00,309.4708016524299,329.81203742142213,404.8071034613481,333.8456596733279,362.29882687301506
1,2021-11-30T11:45:00Z,295.79,2021-11-26T19:15:00,2021-12-02T00:00:00,309.29960709775474,326.8396830582557,409.32403367891953,333.01528290764674,359.96077350839823
1,2021-11-30T12:00:00Z,305.797,2021-11-26T19:15:00,2021-12-02T00:00:00,307.7581321854035,328.4629344029041,404.36943769304185,330.9760093435031,359.6303615340165
1,2021-11-30T12:15:00Z,241.222,2021-11-26T19:15:00,2021-12-02T00:00:00,285.96313188857033,310.5688110724136,388.42097064758644,312.4413626510882,342.3827436574326
1,2021-11-30T12:30:00Z,263.013,2021-11-26T19:15:00,2021-12-02T00:00:00,305.68281034629274,324.96485814300956,404.02153487195653,331.3429694983388,359.8354946021496
1,2021-11-30T12:45:00Z,281.118,2021-11-26T19:15:00,2021-12-02T00:00:00,314.55913234372787,337.1005774078188,423.64465747274045,342.9298059778645,377.21947823972573
1,2021-11-30T13:00:00Z,308.042,2021-11-26T19:15:00,2021-12-02T00:00:00,315.9174324718303,339.90708272491736,424.1123896401274,345.1190100500332,383.944595851701
1,2021-11-30T13:15:00Z,343.233,2021-11-26T19:15:00,2021-12-02T00:00:00,291.3424492497481,313.34180042121227,397.5362469866861,320.5674582884323,359.8863681115074
1,2021-11-30T13:30:00Z,340.354,2021-11-26T19:15:00,2021-12-02T00:00:00,316.10399524343944,335.5066601894746,413.70334798347295,340.6999053158735,372.92838291425653
1,2021-11-30T13:45:00Z,350.401,2021-11-26T19:15:00,2021-12-02T00:00:00,319.1773098370153,341.8343247506349,421.62809846903053,345.27658491552313,371.24414420224866
1,2021-11-30T14:00:00Z,352.557,2021-11-26T19:15:00,2021-12-02T00:00:00,322.85601165331985,345.07324821269737,427.51790014153664,350.57550228865,381.7881900399981
1,2021-11-30T14:15:00Z,300.306,2021-11-26T19:15:00,2021-12-02T00:00:00,295.88327210728636,315.95255881451703,401.66392688399026,321.84951420588175,349.97684903000015
1,2021-11-30T14:30:00Z,346.464,2021-11-26T19:15:00,2021-12-02T00:00:00,317.41357287543104,339.56383899405967,422.16506894522126,342.3326708102664,372.05291004268213
1,2021-11-30T14:45:00Z,347.653,2021-11-26T19:15:00,2021-12-02T00:00:00,321.4073047331542,341.53542315042677,430.38243000953514,345.73676647957427,375.5233052392569
1,2021-11-30T15:00:00Z,358.981,2021-11-26T19:15:00,2021-12-02T00:00:00,325.13490652169867,347.3423606920213,429.59752204601244,350.947620976663,382.6837254243777
1,2021-11-30T15:15:00Z,316.54,2021-11-26T19:15:00,2021-12-02T00:00:00,300.0246197874001,320.7230138810356,406.6600299241478,326.61796902516573,355.1440226775737
1,2021-11-30T15:30:00Z,288.464,2021-11-26T19:15:00,2021-12-02T00:00:00,323.35004307412464,346.1726430184416,428.5691251169246,350.27270384372633,378.4131891517531
1,2021-11-30T15:45:00Z,309.994,2021-11-26T19:15:00,2021-12-02T00:00:00,324.22752342815846,345.0002103988149,425.9205231907783,350.14443877909304,376.6721749791567
1,2021-11-30T16:00:00Z,317.457,2021-11-26T19:15:00,2021-12-02T00:00:00,322.5174986524727,346.6737120312801,431.4487766248614,352.10077926233237,382.3396169745005
1,2021-11-30T16:15:00Z,287.041,2021-11-26T19:15:00,2021-12-02T00:00:00,298.3269014856067,322.7228348058614,400.8980576333058,327.0179657061169,366.6650134268792
1,2021-11-30T16:30:00Z,301.025,2021-11-26T19:15:00,2021-12-02T00:00:00,318.1538748942445,336.9598528269577,417.00502107896745,341.4790815212919,369.4450430155814
1,2021-11-30T16:45:00Z,322.971,2021-11-26T19:15:00,2021-12-02T00:00:00,312.6774586279913,337.3279337665042,420.96334563058065,345.4812887161005,379.49945899983896
1,2021-11-30T17:00:00Z,284.141,2021-11-26T19:15:00,2021-12-02T00:00:00,316.87122303343796,336.4119126423401,413.6040880650127,340.37734131529385,369.43155013614745
1,2021-11-30T17:15:00Z,214.325,2021-11-26T19:15:00,2021-12-02T00:00:00,289.58636865325366,310.0808742450019,384.67827423089665,313.4263431818455,342.88095972045625
1,2021-11-30T17:30:00Z,268.92,2021-11-26T19:15:00,2021-12-02T00:00:00,349.40676115484683,369.24274776087964,449.7986808854349,371.8762848020568,408.0075241795299
1,2021-11-30T17:45:00Z,351.199,2021-11-26T19:15:00,2021-12-02T00:00:00,333.4695373367226,353.2203445514287,436.53817158121427,357.5695321147422,393.38920863049884
1,2021-11-30T18:00:00Z,372.737,2021-11-26T19:15:00,2021-12-02T00:00:00,327.13277253680855,351.4763579696925,429.80008225880135,354.0167787145607,383.88414604189666
1,2021-11-30T18:15:00Z,326.905,2021-11-26T19:15:00,2021-12-02T00:00:00,306.7515835283857,327.3121882412214,410.1377332240425,334.6501906242279,365.22969839014803
1,2021-11-30T18:30:00Z,354.386,2021-11-26T19:15:00,2021-12-02T00:00:00,325.5279886214391,346.923933607647,430.00728824681494,351.33874280593767,384.10431796051495
1,2021-11-30T18:45:00Z,394.653,2021-11-26T19:15:00,2021-12-02T00:00:00,325.73486132824075,351.72935651844654,430.4214760137185,351.92411821126564,382.99002704305883
1,2021-11-30T19:00:00Z,431.348,2021-11-26T19:15:00,2021-12-02T00:00:00,319.14795282584583,342.8129104739097,424.21546657048947,345.76807131328763,376.92339160793034
1,2021-11-30T19:15:00Z,466.192,2021-11-26T19:15:00,2021-12-02T00:00:00,299.8964437207506,317.194547586743,402.6683444615028,325.3337406978354,358.21777274404985
1,2021-11-30T19:30:00Z,504.629,2021-11-26T19:15:00,2021-12-02T00:00:00,318.1826851515903,337.2832737482408,413.5094176026472,339.6272271574412,367.91212172682515
1,2021-11-30T19:45:00Z,511.072,2021-11-26T19:15:00,2021-12-02T00:00:00,320.1408356351302,338.2282043637329,411.95234612865596,342.01757865092594,370.32463903320274
1,2021-11-30T20:00:00Z,523.225,2021-11-26T19:15:00,2021-12-02T00:00:00,316.34086487763,335.8515720187785,424.1938370152279,341.8064636856605,374.35198040449364
1,2021-11-30T20:15:00Z,461.596,2021-11-26T19:15:00,2021-12-02T00:00:00,295.4121167455134,319.0615486467035,399.9214874770402,323.8286693397179,357.79471771699264
1,2021-11-30T20:30:00Z,523.209,2021-11-26T19:15:00,2021-12-02T00:00:00,319.95344788836127,339.3218655335798,422.62895444822044,345.8245926838687,376.25087162636646
1,2021-11-30T20:45:00Z,542.939,2021-11-26T19:15:00,2021-12-02T00:00:00,327.28778187132536,347.4793759585874,423.71972242009014,351.4448161196937,381.0667392807107
1,2021-11-30T21:00:00Z,528.021,2021-11-26T19:15:00,2021-12-02T00:00:00,320.1169328307841,340.4224201999681,432.1289203050468,346.34684827526917,376.7829543449888
1,2021-11-30T21:15:00Z,468.385,2021-11-26T19:15:00,2021-12-02T00:00:00,302.6935026696757,325.3220454888518,407.53199466268285,330.42144739501543,363.3721517884069
1,2021-11-30T21:30:00Z,472.373,2021-11-26T19:15:00,2021-12-02T00:00:00,328.05984449766277,349.9808164034055,431.22295217195887,353.46436195145554,382.19235179337534
1,2021-11-30T21:45:00Z,474.329,2021-11-26T19:15:00,2021-12-02T00:00:00,338.5360909024215,361.5858908733306,447.6016702532067,369.0380368348441,407.181685892862
1,2021-11-30T22:00:00Z,526.184,2021-11-26T19:15:00,2021-12-02T00:00:00,349.040085304537,376.65520610191544,459.673297899854,380.94928319122147,420.8715328666446
1,2021-11-30T22:15:00Z,489.547,2021-11-26T19:15:00,2021-12-02T00:00:00,327.85452465910646,357.50886129318815,443.3557449267033,360.22371900309787,401.53396255102786
1,2021-11-30T22:30:00Z,504.834,2021-11-26T19:15:00,2021-12-02T00:00:00,352.6648408337288,379.91873203264424,462.15397264689716,381.79214278998495,415.21462970710564
1,2021-11-30T22:45:00Z,519.487,2021-11-26T19:15:00,2021-12-02T00:00:00,365.68298270610734,391.2927453664746,472.5684754477884,394.3704858061568,429.3184610711469
1,2021-11-30T23:00:00Z,488.493,2021-11-26T19:15:00,2021-12-02T00:00:00,367.3288340441122,391.5942527138218,478.59552753387806,399.17654986393046,436.53123241709943
1,2021-11-30T23:15:00Z,375.818,2021-11-26T19:15:00,2021-12-02T00:00:00,341.50110816136385,367.23261014264637,450.95490714957884,371.63776637571743,411.04193895243714
1,2021-11-30T23:30:00Z,400.051,2021-11-26T19:15:00,2021-12-02T00:00:00,357.0974271380778,380.43500159413145,465.0025939725568,384.69858388984346,413.7691806350148
1,2021-11-30T23:45:00Z,389.676,2021-11-26T19:15:00,2021-12-02T00:00:00,369.92390244954544,392.1733361625376,475.0268958670761,396.0622162056367,428.2266346351195
1,2021-12-01T00:00:00Z,382.065,2021-11-26T19:15:00,2021-12-02T00:00:00,378.9216776315837,405.0873701188293,485.31368560763156,406.6720097399349,442.14226391420533
1,2021-12-01T00:15:00Z,350.822,2021-11-26T19:15:00,2021-12-02T00:00:00,354.6951043754076,380.48775395886366,468.4271165493859,385.2101662222303,418.3335892486619
1,2021-12-01T00:30:00Z,341.738,2021-11-26T19:15:00,2021-12-02T00:00:00,386.05461113976537,410.62150184852015,492.9241209289754,412.0755463690073,445.93179744842894
1,2021-12-01T00:45:00Z,281.711,2021-11-26T19:15:00,2021-12-02T00:00:00,388.92700095725314,412.1806997709438,497.55541949988566,415.34523088061616,453.30542909424713
1,2021-12-01T01:00:00Z,271.013,2021-11-26T19:15:00,2021-12-02T00:00:00,389.9151791072726,414.68726691690347,498.8490280778951,418.331916673839,459.45826498287823
1,2021-12-01T01:15:00Z,220.529,2021-11-26T19:15:00,2021-12-02T00:00:00,378.2943530391378,407.16380410224457,489.87518157045116,409.1464585984107,450.0188695177969
1,2021-12-01T01:30:00Z,253.811,2021-11-26T19:15:00,2021-12-02T00:00:00,398.78569059060356,427.6595800650729,512.7922746422589,429.02229018293383,467.34488138884956
1,2021-12-01T01:45:00Z,278.015,2021-11-26T19:15:00,2021-12-02T00:00:00,406.44608409220007,429.69279020823825,533.0627949762433,439.67133529587716,478.51029976774373
1,2021-12-01T02:00:00Z,293.737,2021-11-26T19:15:00,2021-12-02T00:00:00,406.53971233463704,432.50660350455917,531.8960214540077,437.56949473523525,486.61670610560407
1,2021-12-01T02:15:00Z,267.434,2021-11-26T19:15:00,2021-12-02T00:00:00,386.10947550343315,417.4094372393721,501.9742802204654,416.17958464672773,459.3130229632637
1,2021-12-01T02:30:00Z,312.459,2021-11-26T19:15:00,2021-12-02T00:00:00,397.5213992261124,424.375220887464,514.9399194120989,425.96423847809575,462.0374337044562
1,2021-12-01T02:45:00Z,321.189,2021-11-26T19:15:00,2021-12-02T00:00:00,402.62827301577624,428.39777932545195,520.5796177203695,429.75390377330615,467.4253417265315
1,2021-12-01T03:00:00Z,328.261,2021-11-26T19:15:00,2021-12-02T00:00:00,395.6494258071954,421.16488769538694,510.8006344342606,424.2340941315294,464.770731135812
1,2021-12-01T03:15:00Z,294.969,2021-11-26T19:15:00,2021-12-02T00:00:00,369.08798041740994,398.652505708602,495.3029065430288,402.3797322722468,440.08313967568876
1,2021-12-01T03:30:00Z,318.746,2021-11-26T19:15:00,2021-12-02T00:00:00,383.04498099903276,411.1695378784285,498.7711410454388,413.4855854304541,453.09753231791757
1,2021-12-01T03:45:00Z,325.569,2021-11-26T19:15:00,2021-12-02T00:00:00,384.9560955974498,410.53057994434056,497.27694040902605,412.52122585770337,450.895937369021
1,2021-12-01T04:00:00Z,328.014,2021-11-26T19:15:00,2021-12-02T00:00:00,374.15758510491156,399.42554477220995,483.64915242901986,401.601415924096,442.22162651948776
1,2021-12-01T04:15:00Z,279.306,2021-11-26T19:15:00,2021-12-02T00:00:00,350.1316251565994,374.0991070258319,456.9424454918928,377.0878332963303,414.84498810219554
1,2021-12-01T04:30:00Z,299.27,2021-11-26T19:15:00,2021-12-02T00:00:00,368.1134079721775,391.72568968019993,479.1021744017715,394.2671316749299,430.3221769986625
1,2021-12-01T04:45:00Z,320.953,2021-11-26T19:15:00,2021-12-02T00:00:00,367.824224918659,390.08327896849005,480.2965468121799,395.24817109071427,436.821606123414
1,2021-12-01T05:00:00Z,327.778,2021-11-26T19:15:00,2021-12-02T00:00:00,368.13710785250936,391.84977250609626,480.0284171598379,396.76211219643784,432.70128727242
1,2021-12-01T05:15:00Z,244.785,2021-11-26T19:15:00,2021-12-02T00:00:00,339.27490946619366,361.5922878570319,434.78145815304094,363.6017770097675,399.07117158785405
1,2021-12-01T05:30:00Z,275.331,2021-11-26T19:15:00,2021-12-02T00:00:00,356.96913675453095,377.0478775925211,459.4115558178717,381.1045178082345,409.36032065406994
1,2021-12-01T05:45:00Z,338.931,2021-11-26T19:15:00,2021-12-02T00:00:00,359.94931174322176,379.81210306235,460.87849271743437,384.995822081676,422.40403954605955
1,2021-12-01T06:00:00Z,304.829,2021-11-26T19:15:00,2021-12-02T00:00:00,354.89961576156713,378.15440958648924,459.17150594354814,380.21686434820975,412.1760923578945
1,2021-12-01T06:15:00Z,274.244,2021-11-26T19:15:00,2021-12-02T00:00:00,326.86255434710995,348.91097065463964,437.0036271350521,355.4291044160488,392.86379807922367
1,2021-12-01T06:30:00Z,297.96,2021-11-26T19:15:00,2021-12-02T00:00:00,344.4061961788506,367.82825650066417,450.7458945700184,369.98677833270636,401.0888127996011
1,2021-12-01T06:45:00Z,309.968,2021-11-26T19:15:00,2021-12-02T00:00:00,345.30162340415706,365.5224889184998,452.0608640365741,369.30399344096776,401.86599910806854
1,2021-12-01T07:00:00Z,302.954,2021-11-26T19:15:00,2021-12-02T00:00:00,341.874605027641,362.90080626048046,435.427218635118,364.9227232657954,397.17889043211926
1,2021-12-01T07:15:00Z,244.797,2021-11-26T19:15:00,2021-12-02T00:00:00,322.39249082241486,344.97716282671615,425.59334105660747,346.19788228286285,377.6323217893888
1,2021-12-01T07:30:00Z,275.529,2021-11-26T19:15:00,2021-12-02T00:00:00,337.59728375308316,356.39650360381876,439.5197401841212,362.7893880997424,400.5572966459061
1,2021-12-01T07:45:00Z,277.767,2021-11-26T19:15:00,2021-12-02T00:00:00,339.91632377712915,357.5626071512496,435.24567715930425,364.8047674573351,389.7339119686563
1,2021-12-01T08:00:00Z,270.682,2021-11-26T19:15:00,2021-12-02T00:00:00,334.01184273215915,354.9997820686775,439.32595920569275,360.2798652143291,393.05518256048947
1,2021-12-01T08:15:00Z,215.937,2021-11-26T19:15:00,2021-12-02T00:00:00,313.21872978531076,336.13364168443684,409.8716140988792,339.3914651336794,367.5095471881342
1,2021-12-01T08:30:00Z,256.02,2021-11-26T19:15:00,2021-12-02T00:00:00,335.99676177192424,357.5357004287413,436.6012875763333,363.0930821040841,392.97085823240684
1,2021-12-01T08:45:00Z,298.286,2021-11-26T19:15:00,2021-12-02T00:00:00,341.82873153273323,364.37177040890174,443.60743058753496,366.58626151245807,399.6566482463273
1,2021-12-01T09:00:00Z,317.872,2021-11-26T19:15:00,2021-12-02T00:00:00,336.38933871508004,358.7708472497941,441.30880230558284,363.08900941899833,395.69008243780496
1,2021-12-01T09:15:00Z,266.313,2021-11-26T19:15:00,2021-12-02T00:00:00,316.4578289251414,337.5119913011475,416.3682216470141,341.85368162568346,373.4447242701309
1,2021-12-01T09:30:00Z,296.341,2021-11-26T19:15:00,2021-12-02T00:00:00,334.5673774673591,357.09244968883104,437.5841725042489,360.6389870165196,392.56361403089534
1,2021-12-01T09:45:00Z,307.812,2021-11-26T19:15:00,2021-12-02T00:00:00,334.15856502537554,353.8586047562206,434.00019864167126,357.95207608785694,389.0523646497474
1,2021-12-01T10:00:00Z,335.957,2021-11-26T19:15:00,2021-12-02T00:00:00,319.77856841707325,346.1838065205257,425.4203768418514,348.208323430311,381.89122264606283
1,2021-12-01T10:15:00Z,302.341,2021-11-26T19:15:00,2021-12-02T00:00:00,305.4991978613559,324.7652932829072,409.0664503007173,333.3116627781401,366.3268672287521
1,2021-12-01T10:30:00Z,308.822,2021-11-26T19:15:00,2021-12-02T00:00:00,315.08981223216654,337.8911112090936,413.4225991525993,340.33315881949466,368.58055134177994
1,2021-12-01T10:45:00Z,314.25,2021-11-26T19:15:00,2021-12-02T00:00:00,317.75244372048263,338.84073319039936,421.51846612836954,344.73867243260077,382.13667840875917
1,2021-12-01T11:00:00Z,280.342,2021-11-26T19:15:00,2021-12-02T00:00:00,307.911440270332,329.4657720082119,416.939287492531,335.74256844596755,370.2988122115605
1,2021-12-01T11:15:00Z,198.731,2021-11-26T19:15:00,2021-12-02T00:00:00,298.58357029731843,318.3783546313386,397.63909604764626,321.0072542520605,352.47945153033913
1,2021-12-01T11:30:00Z,236.547,2021-11-26T19:15:00,2021-12-02T00:00:00,313.70613609875534,336.47347645705844,415.6020261364938,343.2081107188437,383.8536676344488
1,2021-12-01T11:45:00Z,248.41,2021-11-26T19:15:00,2021-12-02T00:00:00,326.90016729393477,344.8529017595728,428.6880945529459,350.2217892664417,378.2521044586571
1,2021-12-01T12:00:00Z,294.473,2021-11-26T19:15:00,2021-12-02T00:00:00,323.1171612759399,345.716215828251,428.3126019355677,351.0786732686937,385.7862202257503
1,2021-12-01T12:15:00Z,273.881,2021-11-26T19:15:00,2021-12-02T00:00:00,306.30717024956203,330.9627858667354,406.4113115666439,333.5455706727846,368.29261289778447
1,2021-12-01T12:30:00Z,303.144,2021-11-26T19:15:00,2021-12-02T00:00:00,323.2740084903865,346.30041397934883,423.2995255996125,347.25441662055374,373.36245502248727
1,2021-12-01T12:45:00Z,325.029,2021-11-26T19:15:00,2021-12-02T00:00:00,333.4202687342451,353.72029915060324,432.3353975709127,357.3491797550517,390.9510367775883
1,2021-12-01T13:00:00Z,316.666,2021-11-26T19:15:00,2021-12-02T00:00:00,333.66430695249244,355.3991459703339,436.16764751229914,362.02936759513796,395.4787127493526
1,2021-12-01T13:15:00Z,278.783,2021-11-26T19:15:00,2021-12-02T00:00:00,310.76005858235413,333.14575809325316,414.12124748765166,337.27708812221465,369.27707176877414
1,2021-12-01T13:30:00Z,306.826,2021-11-26T19:15:00,2021-12-02T00:00:00,326.9959701895687,346.5481377584108,431.5588868455076,352.53766424739507,379.9035332061658
1,2021-12-01T13:45:00Z,318.648,2021-11-26T19:15:00,2021-12-02T00:00:00,335.3314927146738,355.52374891073094,441.5074317214459,360.92454019175267,390.57657732511484
1,2021-12-01T14:00:00Z,316.376,2021-11-26T19:15:00,2021-12-02T00:00:00,335.27740734384207,357.619820056662,445.9965284771142,366.01506015029344,395.1623271453572
1,2021-12-01T14:15:00Z,268.469,2021-11-26T19:15:00,2021-12-02T00:00:00,308.6312433848643,331.47963586479705,411.63330156011926,335.6246070158108,367.8766790072838
1,2021-12-01T14:30:00Z,306.298,2021-11-26T19:15:00,2021-12-02T00:00:00,337.9381614285093,361.89084447762264,440.7446465209956,363.95132880636953,393.22478979126504
1,2021-12-01T14:45:00Z,329.666,2021-11-26T19:15:00,2021-12-02T00:00:00,338.5301513705032,360.4822330916155,441.5723653518354,365.63362236086596,398.49021636661047
1,2021-12-01T15:00:00Z,353.489,2021-11-26T19:15:00,2021-12-02T00:00:00,337.1784111280521,361.1550180460721,450.0371067239529,364.3681894704023,394.77249823753147
1,2021-12-01T15:15:00Z,330.641,2021-11-26T19:15:00,2021-12-02T00:00:00,314.44771659869224,338.6567692212122,417.70250639558145,341.47892398376445,376.5298829360501
1,2021-12-01T15:30:00Z,340.814,2021-11-26T19:15:00,2021-12-02T00:00:00,341.83065885859133,365.4285379609584,442.52358884307125,367.37624837107126,395.8008827394136
1,2021-12-01T15:45:00Z,362.442,2021-11-26T19:15:00,2021-12-02T00:00:00,340.3816862499829,361.1007950795239,445.7098964343671,368.40653937204576,401.4069983429112
1,2021-12-01T16:00:00Z,362.873,2021-11-26T19:15:00,2021-12-02T00:00:00,338.86051607474695,362.05573445885204,447.72288275886,367.503548524875,401.51674719978837
1,2021-12-01T16:15:00Z,326.743,2021-11-26T19:15:00,2021-12-02T00:00:00,316.5115785215138,335.9658751418794,417.14659859868135,342.24578078475986,374.2844350794638
1,2021-12-01T16:30:00Z,328.766,2021-11-26T19:15:00,2021-12-02T00:00:00,332.196875073716,352.1125328107029,429.24507884017873,356.4546441532445,384.6703579075546
1,2021-12-01T16:45:00Z,353.772,2021-11-26T19:15:00,2021-12-02T00:00:00,333.1276390270487,350.82294855223853,427.4914866404004,356.34432782699866,389.74814521068805
1,2021-12-01T17:00:00Z,333.518,2021-11-26T19:15:00,2021-12-02T00:00:00,325.00548884366674,345.1949268444655,420.03160916333155,347.74502220747746,380.42335935180574
1,2021-12-01T17:15:00Z,233.257,2021-11-26T19:15:00,2021-12-02T00:00:00,303.47399912795646,324.4120832827948,399.70679208231667,329.6801568758616,363.697911477502
1,2021-12-01T17:30:00Z,274.236,2021-11-26T19:15:00,2021-12-02T00:00:00,327.5295122096918,348.0687881968387,428.1170186996072,351.41718447368413,382.0858728650348
1,2021-12-01T17:45:00Z,319.538,2021-11-26T19:15:00,2021-12-02T00:00:00,339.0815133683913,357.2319414571859,441.49667632398894,363.66627470818287,393.19580593483965
1,2021-12-01T18:00:00Z,329.442,2021-11-26T19:15:00,2021-12-02T00:00:00,331.13759832921176,354.7328990887032,435.4908512007387,358.7709626053928,393.4762599499294
1,2021-12-01T18:15:00Z,271.081,2021-11-26T19:15:00,2021-12-02T00:00:00,311.1308783514736,333.7780509001139,417.764029479699,338.3272051861622,372.4433521569687
1,2021-12-01T18:30:00Z,310.808,2021-11-26T19:15:00,2021-12-02T00:00:00,331.8598717849851,354.73445064742856,436.6099959822348,358.69942567012106,387.5179577240736
1,2021-12-01T18:45:00Z,396.913,2021-11-26T19:15:00,2021-12-02T00:00:00,339.2762733246095,356.7549729366152,442.5728305371937,366.860740849263,393.75515358508585
1,2021-12-01T19:00:00Z,456.206,2021-11-26T19:15:00,2021-12-02T00:00:00,331.1157807453624,357.93811026872146,440.8223434303894,361.76206875168464,400.0659915685912
1,2021-12-01T19:15:00Z,457.18,2021-11-26T19:15:00,2021-12-02T00:00:00,312.9884305835817,333.6444412933218,406.8586196955608,336.7846881180994,363.03410398411944
1,2021-12-01T19:30:00Z,484.928,2021-11-26T19:15:00,2021-12-02T00:00:00,327.42864714082964,348.64125763770954,426.5089197270816,353.3443512654035,383.47478786890304
1,2021-12-01T19:45:00Z,508.298,2021-11-26T19:15:00,2021-12-02T00:00:00,331.02745260923615,350.0423271682829,429.2342746066435,354.9700317643358,384.5699868966543
1,2021-12-01T20:00:00Z,521.343,2021-11-26T19:15:00,2021-12-02T00:00:00,331.3469490174035,350.5567719677106,429.51858841021567,354.3684110815358,387.33437337252974
1,2021-12-01T20:15:00Z,477.867,2021-11-26T19:15:00,2021-12-02T00:00:00,306.37878607231147,329.589424747225,405.16619192032977,332.31152454958425,370.2868288124928
1,2021-12-01T20:30:00Z,514.781,2021-11-26T19:15:00,2021-12-02T00:00:00,328.73724090610705,348.98131881718336,422.9204286164657,351.8424883675619,383.4389436642821
1,2021-12-01T20:45:00Z,497.984,2021-11-26T19:15:00,2021-12-02T00:00:00,333.7586615926283,354.007574910505,432.5587839127687,358.06295604305126,396.15814604691906
1,2021-12-01T21:00:00Z,436.188,2021-11-26T19:15:00,2021-12-02T00:00:00,330.1640739739564,350.5513335878327,436.38596751417765,355.4571674676328,391.59721622491577
1,2021-12-01T21:15:00Z,401.549,2021-11-26T19:15:00,2021-12-02T00:00:00,305.7175252327353,330.77421598991293,407.4998696677593,332.90461005721374,366.17847545573915
1,2021-12-01T21:30:00Z,466.185,2021-11-26T19:15:00,2021-12-02T00:00:00,332.6789843502844,354.60358619644404,435.60687210263586,356.862883060205,386.7894726835878
1,2021-12-01T21:45:00Z,498.469,2021-11-26T19:15:00,2021-12-02T00:00:00,345.0376332808067,368.599850729831,448.4846913219129,371.49019150970526,400.63703576405703
1,2021-12-01T22:00:00Z,491.749,2021-11-26T19:15:00,2021-12-02T00:00:00,368.26058792088605,393.1703158453494,481.93064020146255,397.466228340604,435.0658634215644
1,2021-12-01T22:15:00Z,390.544,2021-11-26T19:15:00,2021-12-02T00:00:00,338.9972461490852,365.3879960052412,452.466136851842,369.6443199275807,405.8722789742334
1,2021-12-01T22:30:00Z,498.508,2021-11-26T19:15:00,2021-12-02T00:00:00,365.36267069685937,391.6696924294806,477.1070310507481,393.83230726926075,424.4803043518438
1,2021-12-01T22:45:00Z,477.262,2021-11-26T19:15:00,2021-12-02T00:00:00,371.2573901748377,393.4609639360964,481.55581616838265,400.23662084095406,432.32821895548676
1,2021-12-01T23:00:00Z,482.809,2021-11-26T19:15:00,2021-12-02T00:00:00,372.98388180599784,402.2937623236141,492.02416356409447,408.4600859605314,448.98323013773216
1,2021-12-01T23:15:00Z,424.311,2021-11-26T19:15:00,2021-12-02T00:00:00,356.83483983316444,383.10295240445356,461.09828424585555,385.5919431679655,420.74816435284146
1,2021-12-01T23:30:00Z,405.607,2021-11-26T19:15:00,2021-12-02T00:00:00,378.3720527997253,406.9723607223802,494.24759352944113,408.94349692472053,442.6495414293766
1,2021-12-01T23:45:00Z,481.878,2021-11-26T19:15:00,2021-12-02T00:00:00,380.40351122893674,410.0905916629952,490.32389332390466,411.9663117310365,446.36411237837194
1,2021-12-02T00:00:00Z,412.004,2021-11-26T19:15:00,2021-12-02T00:00:00,392.5571220400424,427.5119665218041,533.5966963146615,429.2500817342957,464.41801928681735
